216,2136,0,0,0,0,0,1,0,0,0,0,0,0,0,0,0,0,6,6,0.00,0.00,0.00,0.00,1.00,0.00,0.00,6,6,1.00,0.00,0.17,0.00,0.00,0.00,0.00,0
244,1295,0,0,0,0,0,1,0,0,0,0,0,0,0,0,0,0,3,3,0.00,0.00,0.00,0.00,1.00,0.00,0.00,16,16,1.00,0.00,0.06,0.00,0.00,0.00,0.00,0
241,5046,0,0,0,0,0,1,0,0,0,0,0,0,0,0,0,0,6,9,0.00,0.00,0.00,0.00,1.00,0.00,0.33,26,26,1.00,0.00,0.04,0.00,0.00,0.00,0.00,0
225,1472,0,0,0,0,0,1,0,0,0,0,0,0,0,0,0,0,3,3,0.00,0.00,0.00,0.00,1.00,0.00,0.00,36,36,1.00,0.00,0.03,0.00,0.00,0.00,0.00,0
278,910,0,0,0,0,0,1,0,0,0,0,0,0,0,0,0,0,10,14,0.00,0.00,0.00,0.00,1.00,0.00,0.14,46,46,1.00,0.00,0.02,0.00,0.00,0.00,0.00,0
329,616,0,0,0,0,0,1,0,0,0,0,0,0,0,0,0,0,7,7,0.00,0.00,0.00,0.00,1.00,0.00,0.00,56,56,1.00,0.00,0.02,0.00,0.00,0.00,0.00,0
159,12691,0,0,0,0,0,1,0,0,0,0,0,0,0,0,0,0,5,5,0.00,0.00,0.00,0.00,1.00,0.00,0.00,66,66,1.00,0.00,0.02,0.00,0.00,0.00,0.00,0
266,9238,0,0,0,0,0,1,0,0,0,0,0,0,0,0,0,0,2,2,0.00,0.00,0.00,0.00,1.00,0.00,0.00,76,76,1.00,0.00,0.01,0.00,0.00,0.00,0.00,0
232,2229,0,0,0,0,0,1,0,0,0,0,0,0,0,0,0,0,5,5,0.00,0.00,0.00,0.00,1.00,0.00,0.00,86,86,1.00,0.00,0.01,0.00,0.00,0.00,0.00,0
223,1472,0,0,0,0,0,1,0,0,0,0,0,0,0,0,0,0,2,2,0.00,0.00,0.00,0.00,1.00,0.00,0.00,96,96,1.00,0.00,0.01,0.00,0.00,0.00,0.00,0
284,941,0,0,0,0,0,1,0,0,0,0,0,0,0,0,0,0,8,23,0.00,0.00,0.00,0.00,1.00,0.00,0.09,106,106,1.00,0.00,0.01,0.00,0.00,0.00,0.00,0
313,255,0,0,0,0,0,1,0,0,0,0,0,0,0,0,0,0,5,5,0.00,0.00,0.00,0.00,1.00,0.00,0.00,116,116,1.00,0.00,0.01,0.00,0.00,0.00,0.00,0
355,767,0,0,0,0,0,1,0,0,0,0,0,0,0,0,0,0,3,11,0.00,0.00,0.00,0.00,1.00,0.00,0.27,3,126,1.00,0.00,0.33,0.02,0.00,0.00,0.00,0
171,3070,0,0,0,0,0,1,0,0,0,0,0,0,0,0,0,0,2,11,0.00,0.00,0.00,0.00,1.00,0.00,0.45,13,136,1.00,0.00,0.08,0.01,0.00,0.00,0.00,0
275,498,0,0,0,0,0,1,0,0,0,0,0,0,0,0,0,0,2,5,0.00,0.00,0.00,0.00,1.00,0.00,0.40,23,146,1.00,0.00,0.04,0.01,0.00,0.00,0.00,0
355,741,0,0,0,0,0,1,0,0,0,0,0,0,0,0,0,0,3,3,0.00,0.00,0.00,0.00,1.00,0.00,0.00,33,156,1.00,0.00,0.03,0.01,0.00,0.00,0.00,0
189,2456,0,0,0,0,0,1,0,0,0,0,0,0,0,0,0,0,2,2,0.00,0.00,0.00,0.00,1.00,0.00,0.00,43,166,1.00,0.00,0.02,0.01,0.00,0.00,0.00,0
220,16096,0,0,0,0,0,1,0,0,0,0,0,0,0,0,0,0,2,9,0.00,0.00,0.00,0.00,1.00,0.00,0.22,53,176,1.00,0.00,0.02,0.01,0.00,0.00,0.00,0
158,9920,0,0,0,0,0,1,0,0,0,0,0,0,0,0,0,0,2,2,0.00,0.00,0.00,0.00,1.00,0.00,0.00,63,186,1.00,0.00,0.02,0.01,0.00,0.00,0.00,0
199,44058,0,0,0,0,0,1,0,0,0,0,0,0,0,0,0,0,3,3,0.00,0.00,0.00,0.00,1.00,0.00,0.00,73,196,1.00,0.00,0.01,0.01,0.00,0.00,0.00,0
238,2878,0,0,0,0,0,1,0,0,0,0,0,0,0,0,0,0,4,4,0.00,0.00,0.00,0.00,1.00,0.00,0.00,83,206,1.00,0.00,0.01,0.01,0.00,0.00,0.00,0
207,1185,0,0,0,0,0,1,0,0,0,0,0,0,0,0,0,0,4,4,0.00,0.00,0.00,0.00,1.00,0.00,0.00,93,216,1.00,0.00,0.01,0.01,0.00,0.00,0.00,0
221,16096,0,0,0,0,0,1,0,0,0,0,0,0,0,0,0,0,5,5,0.00,0.00,0.00,0.00,1.00,0.00,0.00,103,226,1.00,0.00,0.01,0.01,0.00,0.00,0.00,0
239,15525,0,0,0,0,0,1,0,0,0,0,0,0,0,0,0,0,2,8,0.00,0.00,0.00,0.00,1.00,0.00,0.50,5,236,1.00,0.00,0.20,0.01,0.00,0.00,0.00,0
196,1947,0,0,0,0,0,1,0,0,0,0,0,0,0,0,0,0,2,10,0.00,0.00,0.00,0.00,1.00,0.00,0.20,2,246,1.00,0.00,0.50,0.02,0.00,0.00,0.00,0
196,3023,0,0,0,0,0,1,0,0,0,0,0,0,0,0,0,0,12,20,0.00,0.00,0.00,0.00,1.00,0.00,0.10,12,255,1.00,0.00,0.08,0.02,0.00,0.00,0.00,0
186,5313,0,0,0,0,0,1,0,0,0,0,0,0,0,0,0,0,9,9,0.00,0.00,0.00,0.00,1.00,0.00,0.00,22,255,1.00,0.00,0.05,0.02,0.00,0.00,0.00,0
30,0,0,0,0,0,0,0,0,0,0,0,0,0,0,0,0,0,1,1,0.00,0.00,0.00,0.00,1.00,0.00,0.00,6,6,1.00,0.00,1.00,0.00,0.00,0.00,0.00,0
30,0,0,0,0,0,0,0,0,0,0,0,0,0,0,0,0,0,1,1,0.00,0.00,0.00,0.00,1.00,0.00,0.00,16,16,1.00,0.00,1.00,0.00,0.00,0.00,0.00,0
30,0,0,0,0,0,0,0,0,0,0,0,0,0,0,0,0,0,1,1,0.00,0.00,0.00,0.00,1.00,0.00,0.00,26,26,1.00,0.00,1.00,0.00,0.00,0.00,0.00,0
33,88,0,0,0,0,0,0,0,0,0,0,0,0,0,0,0,0,2,5,0.00,0.00,0.00,0.00,0.50,1.00,0.80,5,2,0.40,0.40,0.20,0.00,0.00,0.00,0.00,0
33,89,0,0,0,0,0,0,0,0,0,0,0,0,0,0,0,0,1,5,0.00,0.00,0.00,0.00,1.00,0.00,0.80,15,11,0.73,0.13,0.07,0.00,0.00,0.00,0.00,0
17,73,0,0,0,0,0,0,0,0,0,0,0,0,0,0,0,0,1,1,0.00,0.00,0.00,0.00,1.00,0.00,0.00,25,20,0.80,0.08,0.04,0.00,0.00,0.00,0.00,0
36,101,0,0,0,0,0,0,0,0,0,0,0,0,0,0,0,0,2,2,0.00,0.00,0.00,0.00,1.00,0.00,0.00,35,29,0.83,0.06,0.03,0.00,0.00,0.00,0.00,0
33,89,0,0,0,0,0,0,0,0,0,0,0,0,0,0,0,0,1,6,0.00,0.00,0.00,0.00,1.00,0.00,0.67,45,34,0.76,0.04,0.02,0.00,0.00,0.00,0.00,0
17,73,0,0,0,0,0,0,0,0,0,0,0,0,0,0,0,0,1,3,0.00,0.00,0.00,0.00,1.00,0.00,1.00,55,40,0.73,0.04,0.02,0.00,0.00,0.00,0.00,0
45,45,0,0,0,0,0,0,0,0,0,0,0,0,0,0,0,0,3,3,0.00,0.00,0.00,0.00,1.00,0.00,0.00,65,47,0.72,0.03,0.02,0.00,0.00,0.00,0.00,0
45,88,0,0,0,0,0,0,0,0,0,0,0,0,0,0,0,0,12,12,0.00,0.00,0.00,0.00,1.00,0.00,0.00,75,57,0.76,0.03,0.01,0.00,0.00,0.00,0.00,0
43,77,0,0,0,0,0,0,0,0,0,0,0,0,0,0,0,0,22,22,0.00,0.00,0.00,0.00,1.00,0.00,0.00,85,67,0.79,0.02,0.01,0.00,0.00,0.00,0.00,0
45,75,0,0,0,0,0,0,0,0,0,0,0,0,0,0,0,0,31,31,0.00,0.00,0.00,0.00,1.00,0.00,0.00,95,77,0.81,0.02,0.01,0.00,0.00,0.00,0.00,0
44,72,0,0,0,0,0,0,0,0,0,0,0,0,0,0,0,0,40,40,0.00,0.00,0.00,0.00,1.00,0.00,0.00,105,87,0.83,0.02,0.01,0.00,0.00,0.00,0.00,0
33,89,0,0,0,0,0,0,0,0,0,0,0,0,0,0,0,0,1,3,0.00,0.00,0.00,0.00,1.00,0.00,1.00,115,97,0.84,0.02,0.01,0.00,0.00,0.00,0.00,0
45,72,0,0,0,0,0,0,0,0,0,0,0,0,0,0,0,0,56,56,0.00,0.00,0.00,0.00,1.00,0.00,0.00,125,106,0.85,0.02,0.01,0.00,0.00,0.00,0.00,0
46,78,0,0,0,0,0,0,0,0,0,0,0,0,0,0,0,0,64,64,0.00,0.00,0.00,0.00,1.00,0.00,0.00,135,116,0.86,0.01,0.01,0.00,0.00,0.00,0.00,0
45,77,0,0,0,0,0,0,0,0,0,0,0,0,0,0,0,0,73,73,0.00,0.00,0.00,0.00,1.00,0.00,0.00,145,126,0.87,0.01,0.01,0.00,0.00,0.00,0.00,0
44,69,0,0,0,0,0,0,0,0,0,0,0,0,0,0,0,0,2,1,0.00,0.00,0.00,0.00,0.50,1.00,0.00,155,135,0.87,0.01,0.01,0.00,0.00,0.00,0.00,0
46,75,0,0,0,0,0,0,0,0,0,0,0,0,0,0,0,0,7,7,0.00,0.00,0.00,0.00,1.00,0.00,0.00,165,145,0.88,0.01,0.01,0.00,0.00,0.00,0.00,0
44,71,0,0,0,0,0,0,0,0,0,0,0,0,0,0,0,0,16,16,0.00,0.00,0.00,0.00,1.00,0.00,0.00,175,155,0.89,0.01,0.01,0.00,0.00,0.00,0.00,0
44,82,0,0,0,0,0,0,0,0,0,0,0,0,0,0,0,0,26,26,0.00,0.00,0.00,0.00,1.00,0.00,0.00,185,165,0.89,0.01,0.01,0.00,0.00,0.00,0.00,0
42,72,0,0,0,0,0,0,0,0,0,0,0,0,0,0,0,0,35,35,0.00,0.00,0.00,0.00,1.00,0.00,0.00,195,174,0.89,0.01,0.01,0.00,0.00,0.00,0.00,0
44,76,0,0,0,0,0,0,0,0,0,0,0,0,0,0,0,0,44,44,0.00,0.00,0.00,0.00,1.00,0.00,0.00,205,184,0.90,0.01,0.00,0.00,0.00,0.00,0.00,0
44,72,0,0,0,0,0,0,0,0,0,0,0,0,0,0,0,0,54,54,0.00,0.00,0.00,0.00,1.00,0.00,0.00,215,194,0.90,0.01,0.00,0.00,0.00,0.00,0.00,0
46,75,0,0,0,0,0,0,0,0,0,0,0,0,0,0,0,0,64,64,0.00,0.00,0.00,0.00,1.00,0.00,0.00,225,204,0.91,0.01,0.00,0.00,0.00,0.00,0.00,0
45,77,0,0,0,0,0,0,0,0,0,0,0,0,0,0,0,0,74,74,0.00,0.00,0.00,0.00,1.00,0.00,0.00,235,214,0.91,0.01,0.00,0.00,0.00,0.00,0.00,0
36,101,0,0,0,0,0,0,0,0,0,0,0,0,0,0,0,0,1,5,0.00,0.00,0.00,0.00,1.00,0.00,0.60,245,224,0.91,0.01,0.00,0.00,0.00,0.00,0.00,0
44,78,0,0,0,0,0,0,0,0,0,0,0,0,0,0,0,0,9,9,0.00,0.00,0.00,0.00,1.00,0.00,0.00,255,234,0.92,0.01,0.00,0.00,0.00,0.00,0.00,0
44,70,0,0,0,0,0,0,0,0,0,0,0,0,0,0,0,0,17,17,0.00,0.00,0.00,0.00,1.00,0.00,0.00,255,238,0.93,0.01,0.01,0.00,0.00,0.00,0.00,0
46,46,0,0,0,0,0,0,0,0,0,0,0,0,0,0,0,0,27,27,0.00,0.00,0.00,0.00,1.00,0.00,0.00,255,239,0.94,0.01,0.00,0.00,0.00,0.00,0.00,0
43,80,0,0,0,0,0,0,0,0,0,0,0,0,0,0,0,0,36,36,0.00,0.00,0.00,0.00,1.00,0.00,0.00,255,239,0.94,0.01,0.00,0.00,0.00,0.00,0.00,0
46,83,0,0,0,0,0,0,0,0,0,0,0,0,0,0,0,0,45,45,0.00,0.00,0.00,0.00,1.00,0.00,0.00,255,243,0.95,0.01,0.00,0.00,0.00,0.00,0.00,0
44,74,0,0,0,0,0,0,0,0,0,0,0,0,0,0,0,0,55,55,0.00,0.00,0.00,0.00,1.00,0.00,0.00,255,246,0.96,0.01,0.00,0.00,0.00,0.00,0.00,0
44,44,0,0,0,0,0,0,0,0,0,0,0,0,0,0,0,0,65,65,0.00,0.00,0.00,0.00,1.00,0.00,0.00,255,250,0.98,0.01,0.00,0.00,0.00,0.00,0.00,0
46,77,0,0,0,0,0,0,0,0,0,0,0,0,0,0,0,0,75,75,0.00,0.00,0.00,0.00,1.00,0.00,0.00,255,251,0.98,0.01,0.00,0.00,0.00,0.00,0.00,0
44,74,0,0,0,0,0,0,0,0,0,0,0,0,0,0,0,0,3,3,0.00,0.00,0.00,0.00,1.00,0.00,0.00,255,251,0.98,0.01,0.00,0.00,0.00,0.00,0.00,0
44,85,0,0,0,0,0,0,0,0,0,0,0,0,0,0,0,0,13,13,0.00,0.00,0.00,0.00,1.00,0.00,0.00,255,251,0.98,0.01,0.00,0.00,0.00,0.00,0.00,0
46,75,0,0,0,0,0,0,0,0,0,0,0,0,0,0,0,0,23,23,0.00,0.00,0.00,0.00,1.00,0.00,0.00,255,251,0.98,0.01,0.00,0.00,0.00,0.00,0.00,0
43,90,0,0,0,0,0,0,0,0,0,0,0,0,0,0,0,0,33,33,0.00,0.00,0.00,0.00,1.00,0.00,0.00,255,251,0.98,0.01,0.00,0.00,0.00,0.00,0.00,0
45,74,0,0,0,0,0,0,0,0,0,0,0,0,0,0,0,0,43,43,0.00,0.00,0.00,0.00,1.00,0.00,0.00,255,252,0.99,0.01,0.00,0.00,0.00,0.00,0.00,0
45,75,0,0,0,0,0,0,0,0,0,0,0,0,0,0,0,0,53,53,0.00,0.00,0.00,0.00,1.00,0.00,0.00,255,252,0.99,0.01,0.00,0.00,0.00,0.00,0.00,0
46,77,0,0,0,0,0,0,0,0,0,0,0,0,0,0,0,0,63,63,0.00,0.00,0.00,0.00,1.00,0.00,0.00,255,252,0.99,0.01,0.00,0.00,0.00,0.00,0.00,0
44,68,0,0,0,0,0,0,0,0,0,0,0,0,0,0,0,0,73,73,0.00,0.00,0.00,0.00,1.00,0.00,0.00,255,252,0.99,0.01,0.00,0.00,0.00,0.00,0.00,0
43,71,0,0,0,0,0,0,0,0,0,0,0,0,0,0,0,0,1,1,0.00,0.00,0.00,0.00,1.00,0.00,0.00,255,252,0.99,0.01,0.00,0.00,0.00,0.00,0.00,0
44,75,0,0,0,0,0,0,0,0,0,0,0,0,0,0,0,0,9,9,0.00,0.00,0.00,0.00,1.00,0.00,0.00,255,252,0.99,0.01,0.00,0.00,0.00,0.00,0.00,0
46,83,0,0,0,0,0,0,0,0,0,0,0,0,0,0,0,0,19,19,0.00,0.00,0.00,0.00,1.00,0.00,0.00,255,252,0.99,0.01,0.00,0.00,0.00,0.00,0.00,0
45,80,0,0,0,0,0,0,0,0,0,0,0,0,0,0,0,0,29,29,0.00,0.00,0.00,0.00,1.00,0.00,0.00,255,253,0.99,0.01,0.00,0.00,0.00,0.00,0.00,0
43,75,0,0,0,0,0,0,0,0,0,0,0,0,0,0,0,0,39,39,0.00,0.00,0.00,0.00,1.00,0.00,0.00,255,253,0.99,0.01,0.00,0.00,0.00,0.00,0.00,0
45,87,0,0,0,0,0,0,0,0,0,0,0,0,0,0,0,0,49,49,0.00,0.00,0.00,0.00,1.00,0.00,0.00,255,253,0.99,0.01,0.00,0.00,0.00,0.00,0.00,0
44,74,0,0,0,0,0,0,0,0,0,0,0,0,0,0,0,0,59,59,0.00,0.00,0.00,0.00,1.00,0.00,0.00,255,253,0.99,0.01,0.00,0.00,0.00,0.00,0.00,0
44,72,0,0,0,0,0,0,0,0,0,0,0,0,0,0,0,0,69,69,0.00,0.00,0.00,0.00,1.00,0.00,0.00,255,253,0.99,0.01,0.00,0.00,0.00,0.00,0.00,0
44,76,0,0,0,0,0,0,0,0,0,0,0,0,0,0,0,0,79,79,0.00,0.00,0.00,0.00,1.00,0.00,0.00,255,253,0.99,0.01,0.00,0.00,0.00,0.00,0.00,0
44,75,0,0,0,0,0,0,0,0,0,0,0,0,0,0,0,0,7,7,0.00,0.00,0.00,0.00,1.00,0.00,0.00,255,253,0.99,0.01,0.00,0.00,0.00,0.00,0.00,0
36,92,0,0,0,0,0,0,0,0,0,0,0,0,0,0,0,0,1,7,0.00,0.00,0.00,0.00,1.00,0.00,0.71,255,253,0.99,0.01,0.01,0.00,0.00,0.00,0.00,0
42,76,0,0,0,0,0,0,0,0,0,0,0,0,0,0,0,0,24,24,0.00,0.00,0.00,0.00,1.00,0.00,0.00,255,253,0.99,0.01,0.00,0.00,0.00,0.00,0.00,0
44,72,0,0,0,0,0,0,0,0,0,0,0,0,0,0,0,0,34,34,0.00,0.00,0.00,0.00,1.00,0.00,0.00,255,253,0.99,0.01,0.00,0.00,0.00,0.00,0.00,0
43,73,0,0,0,0,0,0,0,0,0,0,0,0,0,0,0,0,44,44,0.00,0.00,0.00,0.00,1.00,0.00,0.00,255,254,1.00,0.01,0.00,0.00,0.00,0.00,0.00,0
46,72,0,0,0,0,0,0,0,0,0,0,0,0,0,0,0,0,54,54,0.00,0.00,0.00,0.00,1.00,0.00,0.00,255,254,1.00,0.01,0.00,0.00,0.00,0.00,0.00,0
44,116,0,0,0,0,0,0,0,0,0,0,0,0,0,0,0,0,64,64,0.00,0.00,0.00,0.00,1.00,0.00,0.00,255,254,1.00,0.01,0.00,0.00,0.00,0.00,0.00,0
45,70,0,0,0,0,0,0,0,0,0,0,0,0,0,0,0,0,74,74,0.00,0.00,0.00,0.00,1.00,0.00,0.00,255,254,1.00,0.01,0.00,0.00,0.00,0.00,0.00,0
46,83,0,0,0,0,0,0,0,0,0,0,0,0,0,0,0,0,2,2,0.00,0.00,0.00,0.00,1.00,0.00,0.00,255,254,1.00,0.01,0.00,0.00,0.00,0.00,0.00,0
44,69,0,0,0,0,0,0,0,0,0,0,0,0,0,0,0,0,12,12,0.00,0.00,0.00,0.00,1.00,0.00,0.00,255,254,1.00,0.01,0.00,0.00,0.00,0.00,0.00,0
45,115,0,0,0,0,0,0,0,0,0,0,0,0,0,0,0,0,1,2,0.00,0.00,0.00,0.00,1.00,0.00,1.00,255,253,0.99,0.01,0.00,0.00,0.00,0.00,0.00,0
43,131,0,0,0,0,0,0,0,0,0,0,0,0,0,0,0,0,1,1,0.00,0.00,0.00,0.00,1.00,0.00,0.00,255,253,0.99,0.01,0.00,0.00,0.00,0.00,0.00,0
48,48,0,0,0,0,0,0,0,0,0,0,0,0,0,0,0,0,1,1,0.00,0.00,0.00,0.00,1.00,0.00,0.00,255,7,0.03,0.01,0.03,0.00,0.00,0.00,0.00,0
48,48,0,0,0,0,0,0,0,0,0,0,0,0,0,0,0,0,1,1,0.00,0.00,0.00,0.00,1.00,0.00,0.00,255,9,0.04,0.01,0.04,0.00,0.00,0.00,0.00,0
33,87,0,0,0,0,0,0,0,0,0,0,0,0,0,0,0,0,1,3,0.00,0.00,0.00,0.00,1.00,0.00,1.00,255,245,0.96,0.01,0.01,0.00,0.00,0.00,0.00,0
48,48,0,0,0,0,0,0,0,0,0,0,0,0,0,0,0,0,1,1,0.00,0.00,0.00,0.00,1.00,0.00,0.00,255,13,0.05,0.01,0.05,0.00,0.00,0.00,0.00,0
48,48,0,0,0,0,0,0,0,0,0,0,0,0,0,0,0,0,1,1,0.00,0.00,0.00,0.00,1.00,0.00,0.00,255,14,0.05,0.01,0.05,0.00,0.00,0.00,0.00,0
329,1063,0,0,0,6,0,1,0,0,0,0,0,0,0,0,0,1,1,1,0.00,0.00,0.00,0.00,1.00,0.00,0.00,255,3,0.01,0.01,0.00,0.00,0.00,0.00,0.00,0
17,73,0,0,0,0,0,0,0,0,0,0,0,0,0,0,0,0,1,1,0.00,0.00,0.00,0.00,1.00,0.00,0.00,255,234,0.92,0.01,0.00,0.00,0.00,0.00,0.00,0
48,48,0,0,0,0,0,0,0,0,0,0,0,0,0,0,0,0,1,1,0.00,0.00,0.00,0.00,1.00,0.00,0.00,255,19,0.07,0.01,0.07,0.00,0.00,0.00,0.00,0
36,101,0,0,0,0,0,0,0,0,0,0,0,0,0,0,0,0,2,4,0.00,0.00,0.00,0.00,1.00,0.00,0.75,255,231,0.91,0.01,0.00,0.00,0.00,0.00,0.00,0
48,48,0,0,0,0,0,0,0,0,0,0,0,0,0,0,0,0,1,1,0.00,0.00,0.00,0.00,1.00,0.00,0.00,255,24,0.09,0.01,0.09,0.00,0.00,0.00,0.00,0
48,48,0,0,0,0,0,0,0,0,0,0,0,0,0,0,0,0,1,1,0.00,0.00,0.00,0.00,1.00,0.00,0.00,255,26,0.10,0.01,0.10,0.00,0.00,0.00,0.00,0
48,48,0,0,0,0,0,0,0,0,0,0,0,0,0,0,0,0,1,1,0.00,0.00,0.00,0.00,1.00,0.00,0.00,255,28,0.11,0.01,0.11,0.00,0.00,0.00,0.00,0
34,88,0,0,0,0,0,0,0,0,0,0,0,0,0,0,0,0,1,17,0.00,0.00,0.00,0.00,1.00,0.00,0.41,255,221,0.87,0.01,0.00,0.00,0.00,0.00,0.00,0
48,48,0,0,0,0,0,0,0,0,0,0,0,0,0,0,0,0,1,1,0.00,0.00,0.00,0.00,1.00,0.00,0.00,255,33,0.13,0.01,0.13,0.00,0.00,0.00,0.00,0
36,101,0,0,0,0,0,0,0,0,0,0,0,0,0,0,0,0,1,1,0.00,0.00,0.00,0.00,1.00,0.00,0.00,255,214,0.84,0.01,0.00,0.00,0.00,0.00,0.00,0
36,101,0,0,0,0,0,0,0,0,0,0,0,0,0,0,0,0,2,2,0.00,0.00,0.00,0.00,1.00,0.00,0.00,255,211,0.83,0.01,0.00,0.00,0.00,0.00,0.00,0
33,89,0,0,0,0,0,0,0,0,0,0,0,0,0,0,0,0,1,3,0.00,0.00,0.00,0.00,1.00,0.00,1.00,255,206,0.81,0.01,0.00,0.00,0.00,0.00,0.00,0
48,48,0,0,0,0,0,0,0,0,0,0,0,0,0,0,0,0,1,1,0.00,0.00,0.00,0.00,1.00,0.00,0.00,255,50,0.20,0.01,0.20,0.00,0.00,0.00,0.00,0
48,48,0,0,0,0,0,0,0,0,0,0,0,0,0,0,0,0,1,1,0.00,0.00,0.00,0.00,1.00,0.00,0.00,255,53,0.21,0.01,0.21,0.00,0.00,0.00,0.00,0
17,73,0,0,0,0,0,0,0,0,0,0,0,0,0,0,0,0,1,1,0.00,0.00,0.00,0.00,1.00,0.00,0.00,255,198,0.78,0.01,0.00,0.00,0.00,0.00,0.00,0
48,48,0,0,0,0,0,0,0,0,0,0,0,0,0,0,0,0,1,1,0.00,0.00,0.00,0.00,1.00,0.00,0.00,255,58,0.23,0.01,0.23,0.00,0.00,0.00,0.00,0
39,99,0,0,0,0,0,0,0,0,0,0,0,0,0,0,0,0,1,1,0.00,0.00,0.00,0.00,1.00,0.00,0.00,2,193,1.00,0.00,1.00,0.01,0.00,0.00,0.00,0
30,90,0,0,0,0,0,0,0,0,0,0,0,0,0,0,0,0,1,1,0.00,0.00,0.00,0.00,1.00,0.00,0.00,12,193,1.00,0.00,1.00,0.01,0.00,0.00,0.00,0
29,89,0,0,0,0,0,0,0,0,0,0,0,0,0,0,0,0,1,1,0.00,0.00,0.00,0.00,1.00,0.00,0.00,22,194,1.00,0.00,1.00,0.01,0.00,0.00,0.00,0
39,99,0,0,0,0,0,0,0,0,0,0,0,0,0,0,0,0,2,4,0.00,0.00,0.00,0.00,1.00,0.00,0.75,32,194,1.00,0.00,1.00,0.01,0.00,0.00,0.00,0
31,81,0,0,0,0,0,0,0,0,0,0,0,0,0,0,0,0,1,1,0.00,0.00,0.00,0.00,1.00,0.00,0.00,42,196,1.00,0.00,1.00,0.01,0.00,0.00,0.00,0
45,95,0,0,0,0,0,0,0,0,0,0,0,0,0,0,0,0,3,3,0.00,0.00,0.00,0.00,1.00,0.00,0.00,52,200,1.00,0.00,1.00,0.01,0.00,0.00,0.00,0
30,0,0,0,0,0,0,0,0,0,0,0,0,0,0,0,0,0,1,1,0.00,0.00,0.00,0.00,1.00,0.00,0.00,3,3,1.00,0.00,1.00,0.00,0.00,0.00,0.00,0
30,0,0,0,0,0,0,0,0,0,0,0,0,0,0,0,0,0,1,1,0.00,0.00,0.00,0.00,1.00,0.00,0.00,13,13,1.00,0.00,1.00,0.00,0.00,0.00,0.00,0
30,0,0,0,0,0,0,0,0,0,0,0,0,0,0,0,0,0,1,1,0.00,0.00,0.00,0.00,1.00,0.00,0.00,23,23,1.00,0.00,1.00,0.00,0.00,0.00,0.00,0
30,0,0,0,0,0,0,0,0,0,0,0,0,0,0,0,0,0,1,1,0.00,0.00,0.00,0.00,1.00,0.00,0.00,33,33,1.00,0.00,1.00,0.00,0.00,0.00,0.00,0
30,0,0,0,0,0,0,0,0,0,0,0,0,0,0,0,0,0,1,1,0.00,0.00,0.00,0.00,1.00,0.00,0.00,43,43,1.00,0.00,1.00,0.00,0.00,0.00,0.00,0
30,0,0,0,0,0,0,0,0,0,0,0,0,0,0,0,0,0,1,1,0.00,0.00,0.00,0.00,1.00,0.00,0.00,53,53,1.00,0.00,1.00,0.00,0.00,0.00,0.00,0
30,0,0,0,0,0,0,0,0,0,0,0,0,0,0,0,0,0,1,1,0.00,0.00,0.00,0.00,1.00,0.00,0.00,63,63,1.00,0.00,1.00,0.00,0.00,0.00,0.00,0
30,0,0,0,0,0,0,0,0,0,0,0,0,0,0,0,0,0,1,1,0.00,0.00,0.00,0.00,1.00,0.00,0.00,73,73,1.00,0.00,1.00,0.00,0.00,0.00,0.00,0
30,0,0,0,0,0,0,0,0,0,0,0,0,0,0,0,0,0,1,1,0.00,0.00,0.00,0.00,1.00,0.00,0.00,83,83,1.00,0.00,1.00,0.00,0.00,0.00,0.00,0
30,0,0,0,0,0,0,0,0,0,0,0,0,0,0,0,0,0,1,1,0.00,0.00,0.00,0.00,1.00,0.00,0.00,93,93,1.00,0.00,1.00,0.00,0.00,0.00,0.00,0
48,48,0,0,0,0,0,0,0,0,0,0,0,0,0,0,0,0,1,1,0.00,0.00,0.00,0.00,1.00,0.00,0.00,1,31,1.00,0.00,1.00,0.06,0.00,0.00,0.00,0
48,48,0,0,0,0,0,0,0,0,0,0,0,0,0,0,0,0,1,1,0.00,0.00,0.00,0.00,1.00,0.00,0.00,11,38,1.00,0.00,1.00,0.05,0.00,0.00,0.00,0
48,48,0,0,0,0,0,0,0,0,0,0,0,0,0,0,0,0,1,1,0.00,0.00,0.00,0.00,1.00,0.00,0.00,21,45,1.00,0.00,1.00,0.04,0.00,0.00,0.00,0
48,48,0,0,0,0,0,0,0,0,0,0,0,0,0,0,0,0,1,1,0.00,0.00,0.00,0.00,1.00,0.00,0.00,31,50,1.00,0.00,1.00,0.04,0.00,0.00,0.00,0
295,2823,0,0,0,0,0,1,0,0,0,0,0,0,0,0,0,0,1,1,0.00,0.00,0.00,0.00,1.00,0.00,0.00,1,6,1.00,0.00,1.00,0.50,0.00,0.00,0.00,0
249,6446,0,0,0,0,0,1,0,0,0,0,0,0,0,0,0,0,1,3,0.00,0.00,0.00,0.00,1.00,0.00,0.67,6,16,1.00,0.00,0.17,0.25,0.00,0.00,0.00,0
239,2761,0,0,0,0,0,1,0,0,0,0,0,0,0,0,0,0,7,9,0.00,0.00,0.00,0.00,1.00,0.00,0.33,16,26,1.00,0.00,0.06,0.15,0.00,0.00,0.00,0
236,6407,0,0,0,0,0,1,0,0,0,0,0,0,0,0,0,0,1,7,0.00,0.00,0.00,0.00,1.00,0.00,0.43,3,36,1.00,0.00,0.33,0.14,0.00,0.00,0.00,0
238,4345,0,0,0,0,0,1,0,0,0,0,0,0,0,0,0,0,3,5,0.00,0.00,0.00,0.00,1.00,0.00,0.60,6,46,1.00,0.00,0.17,0.15,0.00,0.00,0.00,0
242,5619,0,0,0,0,0,1,0,0,0,0,0,0,0,0,0,0,13,16,0.00,0.00,0.00,0.00,1.00,0.00,0.25,16,56,1.00,0.00,0.06,0.12,0.00,0.00,0.00,0
359,8504,0,0,0,0,0,1,0,0,0,0,0,0,0,0,0,0,7,8,0.00,0.00,0.00,0.00,1.00,0.00,0.25,7,66,1.00,0.00,0.14,0.12,0.00,0.00,0.00,0
331,2650,0,0,0,0,0,1,0,0,0,0,0,0,0,0,0,0,1,1,0.00,0.00,0.00,0.00,1.00,0.00,0.00,1,76,1.00,0.00,1.00,0.12,0.00,0.00,0.00,0
330,8502,0,0,0,0,0,1,0,0,0,0,0,0,0,0,0,0,11,12,0.00,0.00,0.00,0.00,1.00,0.00,0.17,11,86,1.00,0.00,0.09,0.10,0.00,0.00,0.00,0
328,1441,0,0,0,0,0,1,0,0,0,0,0,0,0,0,0,0,21,22,0.00,0.00,0.00,0.00,1.00,0.00,0.09,21,96,1.00,0.00,0.05,0.09,0.00,0.00,0.00,0
350,2770,0,0,0,0,0,1,0,0,0,0,0,0,0,0,0,0,10,12,0.00,0.00,0.00,0.00,1.00,0.00,0.25,31,106,1.00,0.00,0.03,0.08,0.00,0.00,0.00,0
354,1439,0,0,0,0,0,1,0,0,0,0,0,0,0,0,0,0,20,23,0.00,0.00,0.00,0.00,1.00,0.00,0.13,41,116,1.00,0.00,0.02,0.08,0.00,0.00,0.00,0
296,414,0,0,0,0,0,1,0,0,0,0,0,0,0,0,0,0,1,1,0.00,0.00,0.00,0.00,1.00,0.00,0.00,51,126,1.00,0.00,0.02,0.07,0.00,0.00,0.00,0
212,5940,0,0,0,0,0,1,0,0,0,0,0,0,0,0,0,0,1,23,0.00,0.00,0.00,0.00,1.00,0.00,0.22,2,136,1.00,0.00,0.50,0.08,0.00,0.00,0.00,0
227,5223,0,0,0,0,0,1,0,0,0,0,0,0,0,0,0,0,2,16,0.00,0.00,0.00,0.00,1.00,0.00,0.25,10,146,1.00,0.00,0.10,0.08,0.00,0.00,0.00,0
192,9293,0,0,0,0,0,1,0,0,0,0,0,0,0,0,0,0,1,1,0.00,0.00,0.00,0.00,1.00,0.00,0.00,2,156,1.00,0.00,0.50,0.09,0.00,0.00,0.00,0
216,1516,0,0,0,0,0,1,0,0,0,0,0,0,0,0,0,0,2,2,0.00,0.00,0.00,0.00,1.00,0.00,0.00,10,166,1.00,0.00,0.10,0.09,0.00,0.00,0.00,0
192,1516,0,0,0,0,0,1,0,0,0,0,0,0,0,0,0,0,2,3,0.00,0.00,0.00,0.00,1.00,0.00,0.67,20,176,1.00,0.00,0.05,0.09,0.00,0.00,0.00,0
292,1699,0,0,0,0,0,1,0,0,0,0,0,0,0,0,0,0,3,3,0.00,0.00,0.00,0.00,1.00,0.00,0.00,6,186,1.00,0.00,0.17,0.09,0.00,0.00,0.00,0
221,16407,0,0,0,0,0,1,0,0,0,0,0,0,0,0,0,0,2,7,0.00,0.00,0.00,0.00,1.00,0.00,0.43,7,196,1.00,0.00,0.14,0.09,0.00,0.00,0.00,0
318,13954,0,0,0,0,0,1,0,0,0,0,0,0,0,0,0,0,4,11,0.00,0.00,0.00,0.00,1.00,0.00,0.18,17,206,1.00,0.00,0.06,0.08,0.00,0.00,0.00,0
336,5954,0,0,0,0,0,1,0,0,0,0,0,0,0,0,0,0,1,8,0.00,0.00,0.00,0.00,1.00,0.00,0.25,1,216,1.00,0.00,1.00,0.08,0.00,0.00,0.00,0
349,5954,0,0,0,0,0,1,0,0,0,0,0,0,0,0,0,0,4,4,0.00,0.00,0.00,0.00,1.00,0.00,0.00,11,226,1.00,0.00,0.09,0.08,0.00,0.00,0.00,0
335,7955,0,0,0,0,0,1,0,0,0,0,0,0,0,0,0,0,2,2,0.00,0.00,0.00,0.00,1.00,0.00,0.00,21,236,1.00,0.00,0.05,0.08,0.00,0.00,0.00,0
216,4216,0,0,0,0,0,1,0,0,0,0,0,0,0,0,0,0,3,3,0.00,0.00,0.00,0.00,1.00,0.00,0.00,3,246,1.00,0.00,0.33,0.08,0.00,0.00,0.00,0
216,21756,0,0,0,0,0,1,0,0,0,0,0,0,0,0,0,0,13,13,0.00,0.00,0.00,0.00,1.00,0.00,0.00,13,255,1.00,0.00,0.08,0.07,0.00,0.00,0.00,0
187,1143,0,0,0,0,0,1,0,0,0,0,0,0,0,0,0,0,3,3,0.00,0.00,0.00,0.00,1.00,0.00,0.00,23,255,1.00,0.00,0.04,0.06,0.00,0.00,0.00,0
246,3144,0,0,0,0,0,1,0,0,0,0,0,0,0,0,0,0,13,13,0.00,0.00,0.00,0.00,1.00,0.00,0.00,33,255,1.00,0.00,0.03,0.06,0.00,0.00,0.00,0
239,1862,0,0,0,0,0,1,0,0,0,0,0,0,0,0,0,0,4,4,0.00,0.00,0.00,0.00,1.00,0.00,0.00,43,255,1.00,0.00,0.02,0.06,0.00,0.00,0.00,0
279,5903,0,0,0,0,0,1,0,0,0,0,0,0,0,0,0,0,8,8,0.00,0.00,0.00,0.00,1.00,0.00,0.00,8,255,1.00,0.00,0.12,0.05,0.00,0.00,0.00,0
281,5830,0,0,0,0,0,1,0,0,0,0,0,0,0,0,0,0,18,18,0.00,0.00,0.00,0.00,1.00,0.00,0.00,18,255,1.00,0.00,0.06,0.05,0.00,0.00,0.00,0
286,749,0,0,0,0,0,1,0,0,0,0,0,0,0,0,0,0,5,5,0.00,0.00,0.00,0.00,1.00,0.00,0.00,28,255,1.00,0.00,0.04,0.05,0.00,0.00,0.00,0
286,2601,0,0,0,0,0,1,0,0,0,0,0,0,0,0,0,0,15,15,0.00,0.00,0.00,0.00,1.00,0.00,0.00,38,255,1.00,0.00,0.03,0.05,0.00,0.00,0.00,0
206,4984,0,0,0,0,0,1,0,0,0,0,0,0,0,0,0,0,4,4,0.00,0.00,0.00,0.00,1.00,0.00,0.00,48,255,1.00,0.00,0.02,0.05,0.00,0.00,0.00,0
209,2601,0,0,0,0,0,1,0,0,0,0,0,0,0,0,0,0,14,14,0.00,0.00,0.00,0.00,1.00,0.00,0.00,58,255,1.00,0.00,0.02,0.05,0.00,0.00,0.00,0
161,8394,0,0,0,0,0,1,0,0,0,0,0,0,0,0,0,0,1,1,0.00,0.00,0.00,0.00,1.00,0.00,0.00,68,255,1.00,0.00,0.01,0.05,0.00,0.00,0.00,0
213,8103,0,0,0,0,0,1,0,0,0,0,0,0,0,0,0,0,11,11,0.00,0.00,0.00,0.00,1.00,0.00,0.00,78,255,1.00,0.00,0.01,0.05,0.00,0.00,0.00,0
182,245,0,0,0,0,0,1,0,0,0,0,0,0,0,0,0,0,1,1,0.00,0.00,0.00,0.00,1.00,0.00,0.00,88,255,1.00,0.00,0.01,0.05,0.00,0.00,0.00,0
168,10004,0,0,0,0,0,1,0,0,0,0,0,0,0,0,0,0,2,2,0.00,0.00,0.00,0.00,1.00,0.00,0.00,10,255,1.00,0.00,0.10,0.05,0.00,0.00,0.00,0
305,3058,0,0,0,0,0,1,0,0,0,0,0,0,0,0,0,0,3,3,0.00,0.00,0.00,0.00,1.00,0.00,0.00,3,255,1.00,0.00,0.33,0.05,0.00,0.00,0.00,0
302,1532,0,0,0,0,0,1,0,0,0,0,0,0,0,0,0,0,13,13,0.00,0.00,0.00,0.00,1.00,0.00,0.00,13,255,1.00,0.00,0.08,0.05,0.00,0.00,0.00,0
323,6299,0,0,0,0,0,1,0,0,0,0,0,0,0,0,0,0,4,4,0.00,0.00,0.00,0.00,1.00,0.00,0.00,23,255,1.00,0.00,0.04,0.04,0.00,0.00,0.00,0
323,9114,0,0,0,0,0,1,0,0,0,0,0,0,0,0,0,0,5,5,0.00,0.00,0.00,0.00,1.00,0.00,0.00,33,255,1.00,0.00,0.03,0.04,0.00,0.00,0.00,0
324,427,0,0,0,0,0,1,0,0,0,0,0,0,0,0,0,0,1,1,0.00,0.00,0.00,0.00,1.00,0.00,0.00,43,255,1.00,0.00,0.02,0.03,0.00,0.00,0.00,0
326,673,0,0,0,0,0,1,0,0,0,0,0,0,0,0,0,0,11,11,0.00,0.00,0.00,0.00,1.00,0.00,0.00,53,255,1.00,0.00,0.02,0.03,0.00,0.00,0.00,0
313,2803,0,0,0,0,0,1,0,0,0,0,0,0,0,0,0,0,6,6,0.00,0.00,0.00,0.00,1.00,0.00,0.00,63,255,1.00,0.00,0.02,0.03,0.00,0.00,0.00,0
311,1532,0,0,0,0,0,1,0,0,0,0,0,0,0,0,0,0,16,16,0.00,0.00,0.00,0.00,1.00,0.00,0.00,73,255,1.00,0.00,0.01,0.03,0.00,0.00,0.00,0
254,10982,0,0,0,0,0,1,0,0,0,0,0,0,0,0,0,0,7,7,0.00,0.00,0.00,0.00,1.00,0.00,0.00,83,255,1.00,0.00,0.01,0.02,0.00,0.00,0.00,0
261,13155,0,0,0,0,0,1,0,0,0,0,0,0,0,0,0,0,8,8,0.00,0.00,0.00,0.00,1.00,0.00,0.00,93,255,1.00,0.00,0.01,0.02,0.00,0.00,0.00,0
308,6503,0,0,0,0,0,1,0,0,0,0,0,0,0,0,0,0,4,4,0.00,0.00,0.00,0.00,1.00,0.00,0.00,103,255,1.00,0.00,0.01,0.02,0.00,0.00,0.00,0
317,300,0,0,0,0,0,1,0,0,0,0,0,0,0,0,0,0,14,14,0.00,0.00,0.00,0.00,1.00,0.00,0.00,113,255,1.00,0.00,0.01,0.02,0.00,0.00,0.00,0
235,6716,0,0,0,0,0,1,0,0,0,0,0,0,0,0,0,0,5,5,0.00,0.00,0.00,0.00,1.00,0.00,0.00,5,255,1.00,0.00,0.20,0.02,0.00,0.00,0.00,0
235,19406,0,0,0,0,0,1,0,0,0,0,0,0,0,0,0,0,7,7,0.00,0.00,0.00,0.00,1.00,0.00,0.00,15,255,1.00,0.00,0.07,0.02,0.00,0.00,0.00,0
161,2140,0,0,0,0,0,1,0,0,0,0,0,0,0,0,0,0,1,1,0.00,0.00,0.00,0.00,1.00,0.00,0.00,1,255,1.00,0.00,1.00,0.03,0.00,0.00,0.00,0
210,3021,0,0,0,0,0,1,0,0,0,0,0,0,0,0,0,0,5,5,0.00,0.00,0.00,0.00,1.00,0.00,0.00,5,255,1.00,0.00,0.20,0.03,0.00,0.00,0.00,0
243,824,0,0,0,0,0,1,0,0,0,0,0,0,0,0,0,0,15,15,0.00,0.00,0.00,0.00,1.00,0.00,0.00,15,255,1.00,0.00,0.07,0.03,0.00,0.00,0.00,0
220,2715,0,0,0,0,0,1,0,0,0,0,0,0,0,0,0,0,10,10,0.00,0.00,0.00,0.00,1.00,0.00,0.00,25,255,1.00,0.00,0.04,0.03,0.00,0.00,0.00,0
224,1231,0,0,0,0,0,1,0,0,0,0,0,0,0,0,0,0,5,7,0.00,0.00,0.00,0.00,1.00,0.00,0.43,35,255,1.00,0.00,0.03,0.03,0.00,0.00,0.00,0
226,777,0,0,0,0,0,1,0,0,0,0,0,0,0,0,0,0,1,1,0.00,0.00,0.00,0.00,1.00,0.00,0.00,45,255,1.00,0.00,0.02,0.03,0.00,0.00,0.00,0
226,861,0,0,0,0,0,1,0,0,0,0,0,0,0,0,0,0,11,11,0.00,0.00,0.00,0.00,1.00,0.00,0.00,55,255,1.00,0.00,0.02,0.03,0.00,0.00,0.00,0
315,2388,0,0,0,0,0,1,0,0,0,0,0,0,0,0,0,0,6,6,0.00,0.00,0.00,0.00,1.00,0.00,0.00,6,255,1.00,0.00,0.17,0.03,0.00,0.00,0.00,0
313,2129,0,0,0,0,0,1,0,0,0,0,0,0,0,0,0,0,6,8,0.00,0.00,0.00,0.00,1.00,0.00,0.25,16,255,1.00,0.00,0.06,0.03,0.00,0.00,0.00,0
313,2129,0,0,0,0,0,1,0,0,0,0,0,0,0,0,0,0,6,8,0.00,0.00,0.00,0.00,1.00,0.00,0.25,26,255,1.00,0.00,0.04,0.03,0.00,0.00,0.00,0
313,2129,0,0,0,0,0,1,0,0,0,0,0,0,0,0,0,0,6,7,0.00,0.00,0.00,0.00,1.00,0.00,0.29,36,255,1.00,0.00,0.03,0.03,0.00,0.00,0.00,0
315,2388,0,0,0,0,0,1,0,0,0,0,0,0,0,0,0,0,6,7,0.00,0.00,0.00,0.00,1.00,0.00,0.29,46,255,1.00,0.00,0.02,0.03,0.00,0.00,0.00,0
313,2129,0,0,0,0,0,1,0,0,0,0,0,0,0,0,0,0,6,7,0.00,0.00,0.00,0.00,1.00,0.00,0.29,56,255,1.00,0.00,0.02,0.02,0.00,0.00,0.00,0
288,8745,0,0,0,0,0,1,0,0,0,0,0,0,0,0,0,0,2,2,0.00,0.00,0.00,0.00,1.00,0.00,0.00,2,255,1.00,0.00,0.50,0.03,0.00,0.00,0.00,0
196,10111,0,0,0,0,0,1,0,0,0,0,0,0,0,0,0,0,3,20,0.00,0.00,0.00,0.00,1.00,0.00,0.25,12,255,1.00,0.00,0.08,0.03,0.00,0.00,0.00,0
175,2517,0,0,0,0,0,1,0,0,0,0,0,0,0,0,0,0,1,8,0.00,0.00,0.00,0.00,1.00,0.00,0.25,4,255,1.00,0.00,0.25,0.03,0.00,0.00,0.00,0
201,6306,0,0,0,0,0,1,0,0,0,0,0,0,0,0,0,0,8,8,0.00,0.00,0.00,0.00,1.00,0.00,0.00,8,255,1.00,0.00,0.12,0.04,0.00,0.00,0.00,0
163,378,0,0,0,0,0,1,0,0,0,0,0,0,0,0,0,0,9,9,0.00,0.00,0.00,0.00,1.00,0.00,0.00,18,255,1.00,0.00,0.06,0.04,0.00,0.00,0.00,0
199,2255,0,0,0,0,0,1,0,0,0,0,0,0,0,0,0,0,3,3,0.00,0.00,0.00,0.00,1.00,0.00,0.00,28,255,1.00,0.00,0.04,0.04,0.00,0.00,0.00,0
211,2176,0,0,0,0,0,1,0,0,0,0,0,0,0,0,0,0,4,4,0.00,0.00,0.00,0.00,1.00,0.00,0.00,4,255,1.00,0.00,0.25,0.04,0.00,0.00,0.00,0
246,1349,0,0,0,0,0,1,0,0,0,0,0,0,0,0,0,0,2,14,0.00,0.00,0.00,0.00,1.00,0.00,0.29,2,255,1.00,0.00,0.50,0.04,0.00,0.00,0.00,0
297,10889,0,0,0,0,0,1,0,0,0,0,0,0,0,0,0,0,9,24,0.00,0.00,0.00,0.00,1.00,0.00,0.12,12,255,1.00,0.00,0.08,0.04,0.00,0.00,0.00,0
236,4864,0,0,0,0,0,1,0,0,0,0,0,0,0,0,0,0,2,3,0.00,0.00,0.00,0.00,1.00,0.00,0.67,4,255,1.00,0.00,0.25,0.05,0.00,0.00,0.00,0
267,423,0,0,0,0,0,1,0,0,0,0,0,0,0,0,0,0,1,11,0.00,0.00,0.00,0.00,1.00,0.00,0.27,14,255,1.00,0.00,0.07,0.05,0.00,0.00,0.00,0
308,67640,0,0,0,0,0,1,0,0,0,0,0,0,0,0,0,0,1,1,0.00,0.00,0.00,0.00,1.00,0.00,0.00,2,255,1.00,0.00,0.50,0.05,0.00,0.00,0.00,0
1571,327,0,0,0,0,0,1,0,0,0,0,0,0,0,0,0,0,1,3,0.00,0.00,0.00,0.00,1.00,0.00,1.00,6,4,0.67,0.50,0.17,0.00,0.00,0.00,0.00,0
6,278,0,0,0,0,0,0,0,0,0,0,0,0,0,0,0,0,1,1,0.00,0.00,0.00,0.00,1.00,0.00,0.00,16,3,0.19,0.25,0.06,0.00,0.00,0.00,0.00,0
3130,326,0,0,0,0,0,1,0,0,0,0,0,0,0,0,0,0,2,2,0.00,0.00,0.00,0.00,1.00,0.00,0.00,26,19,0.73,0.15,0.04,0.00,0.00,0.00,0.00,0
1145,329,0,0,0,0,0,1,0,0,0,0,0,0,0,0,0,0,2,1,0.00,0.00,0.00,0.00,0.50,1.00,0.00,36,26,0.72,0.11,0.03,0.00,0.00,0.00,0.00,0
1831,323,0,0,0,0,0,1,0,0,0,0,0,0,0,0,0,0,1,2,0.00,0.00,0.00,0.00,1.00,0.00,1.00,46,31,0.67,0.09,0.02,0.00,0.00,0.00,0.00,0
1149,397,0,0,0,0,0,1,0,0,0,0,0,0,0,0,0,0,1,2,0.00,0.00,0.00,0.00,1.00,0.00,1.00,56,40,0.71,0.07,0.02,0.00,0.00,0.00,0.00,0
1346,328,0,0,0,0,0,1,0,0,0,0,0,0,0,0,0,0,1,1,0.00,0.00,0.00,0.00,1.00,0.00,0.00,66,48,0.73,0.06,0.02,0.00,0.00,0.00,0.00,0
30,0,0,0,0,0,0,0,0,0,0,0,0,0,0,0,0,0,1,4,0.00,0.00,0.00,0.00,1.00,0.00,0.75,76,12,0.16,0.05,0.16,0.00,0.00,0.00,0.00,0
30,0,0,0,0,0,0,0,0,0,0,0,0,0,0,0,0,0,1,4,0.00,0.00,0.00,0.00,1.00,0.00,0.75,86,13,0.15,0.06,0.15,0.00,0.00,0.00,0.00,0
946,323,0,0,0,0,0,1,0,0,0,0,0,0,0,0,0,0,1,1,0.00,0.00,0.00,0.00,1.00,0.00,0.00,96,73,0.76,0.05,0.01,0.00,0.00,0.00,0.00,0
1606,330,0,0,0,0,0,1,0,0,0,0,0,0,0,0,0,0,1,1,0.00,0.00,0.00,0.00,1.00,0.00,0.00,106,81,0.76,0.05,0.01,0.00,0.00,0.00,0.00,0
1429,332,0,0,0,0,0,1,0,0,0,0,0,0,0,0,0,0,1,1,0.00,0.00,0.00,0.00,1.00,0.00,0.00,116,88,0.76,0.04,0.01,0.00,0.00,0.00,0.00,0
30,0,0,0,0,0,0,0,0,0,0,0,0,0,0,0,0,0,1,2,0.00,0.00,0.00,0.00,1.00,0.00,1.00,126,19,0.15,0.04,0.15,0.00,0.00,0.00,0.00,0
843,330,0,0,0,0,0,1,0,0,0,0,0,0,0,0,0,0,1,1,0.00,0.00,0.00,0.00,1.00,0.00,0.00,136,100,0.74,0.04,0.01,0.00,0.00,0.00,0.00,0
10,39,0,0,0,0,0,1,0,0,0,0,0,0,0,0,0,0,2,1,0.00,0.00,0.00,0.00,0.50,1.00,0.00,146,10,0.07,0.03,0.01,0.00,0.00,0.00,0.00,0
984,333,0,0,0,0,0,1,0,0,0,0,0,0,0,0,0,0,1,1,0.00,0.00,0.00,0.00,1.00,0.00,0.00,156,114,0.73,0.03,0.01,0.00,0.00,0.00,0.00,0
6,138,0,0,0,0,0,0,0,0,0,0,0,0,0,0,0,0,2,1,0.00,0.00,0.00,0.00,0.50,1.00,0.00,166,8,0.05,0.03,0.01,0.00,0.00,0.00,0.00,0
648,328,0,0,0,0,0,1,0,0,0,0,0,0,0,0,0,0,1,1,0.00,0.00,0.00,0.00,1.00,0.00,0.00,176,128,0.73,0.03,0.01,0.00,0.00,0.00,0.00,0
584,328,0,0,0,0,0,1,0,0,0,0,0,0,0,0,0,0,1,1,0.00,0.00,0.00,0.00,1.00,0.00,0.00,186,134,0.72,0.03,0.01,0.00,0.00,0.00,0.00,0
2485,278,0,0,0,0,0,1,0,0,0,0,0,0,0,0,0,0,1,4,0.00,0.00,0.00,0.00,1.00,0.00,1.00,196,142,0.72,0.03,0.01,0.00,0.00,0.00,0.00,0
1047,330,0,0,0,0,0,1,0,0,0,0,0,0,0,0,0,0,1,1,0.00,0.00,0.00,0.00,1.00,0.00,0.00,206,150,0.73,0.02,0.00,0.00,0.00,0.00,0.00,0
790,328,0,0,0,0,0,1,0,0,0,0,0,0,0,0,0,0,1,1,0.00,0.00,0.00,0.00,1.00,0.00,0.00,216,156,0.72,0.02,0.00,0.00,0.00,0.00,0.00,0
33,0,0,0,0,0,0,0,0,0,0,0,0,0,0,0,0,0,1,2,0.00,0.00,0.00,0.00,1.00,0.00,1.00,226,43,0.19,0.02,0.19,0.00,0.00,0.00,0.00,0
1049,331,0,0,0,0,0,1,0,0,0,0,0,0,0,0,0,0,1,1,0.00,0.00,0.00,0.00,1.00,0.00,0.00,236,168,0.71,0.02,0.00,0.00,0.00,0.00,0.00,0
1303,328,0,0,0,0,0,1,0,0,0,0,0,0,0,0,0,0,1,1,0.00,0.00,0.00,0.00,1.00,0.00,0.00,246,175,0.71,0.02,0.00,0.00,0.00,0.00,0.00,0
764,333,0,0,0,0,0,1,0,0,0,0,0,0,0,0,0,0,1,1,0.00,0.00,0.00,0.00,1.00,0.00,0.00,255,182,0.71,0.02,0.00,0.00,0.00,0.00,0.00,0
1330,327,0,0,0,0,0,1,0,0,0,0,0,0,0,0,0,0,2,1,0.00,0.00,0.00,0.00,0.50,1.00,0.00,255,183,0.72,0.02,0.00,0.00,0.00,0.00,0.00,0
794,329,0,0,0,0,0,1,0,0,0,0,0,0,0,0,0,0,1,1,0.00,0.00,0.00,0.00,1.00,0.00,0.00,255,185,0.73,0.02,0.00,0.00,0.00,0.00,0.00,0
1872,335,0,0,0,0,0,1,0,0,0,0,0,0,0,0,0,0,1,1,0.00,0.00,0.00,0.00,1.00,0.00,0.00,4,182,0.75,0.50,0.25,0.01,0.00,0.00,0.00,0
1852,326,0,0,0,0,0,1,0,0,0,0,0,0,0,0,0,0,1,1,0.00,0.00,0.00,0.00,1.00,0.00,0.00,14,184,0.79,0.14,0.07,0.01,0.00,0.00,0.00,0
1122,330,0,0,0,0,0,1,0,0,0,0,0,0,0,0,0,0,1,1,0.00,0.00,0.00,0.00,1.00,0.00,0.00,24,183,0.71,0.08,0.04,0.01,0.00,0.00,0.00,0
30,0,0,0,0,0,0,0,0,0,0,0,0,0,0,0,0,0,1,2,0.00,0.00,0.00,0.00,1.00,0.00,1.00,34,50,0.32,0.06,0.32,0.04,0.00,0.00,0.00,0
13,144,0,0,0,0,0,0,0,0,0,0,0,0,0,0,0,0,1,1,0.00,0.00,0.00,0.00,1.00,0.00,0.00,44,14,0.05,0.09,0.02,0.14,0.00,0.00,0.00,0
2564,331,0,0,0,0,0,1,0,0,0,0,0,0,0,0,0,0,1,1,0.00,0.00,0.00,0.00,1.00,0.00,0.00,54,178,0.69,0.07,0.02,0.01,0.00,0.00,0.00,0
682,325,0,0,0,0,0,1,0,0,0,0,0,0,0,0,0,0,1,1,0.00,0.00,0.00,0.00,1.00,0.00,0.00,64,177,0.69,0.06,0.02,0.01,0.00,0.00,0.00,0
10,39,0,0,0,0,0,1,0,0,0,0,0,0,0,0,0,0,2,1,0.00,0.00,0.00,0.00,0.50,1.00,0.00,74,11,0.03,0.05,0.01,0.18,0.00,0.00,0.00,0
1106,328,0,0,0,0,0,1,0,0,0,0,0,0,0,0,0,0,3,3,0.00,0.00,0.00,0.00,0.33,0.67,1.00,84,173,0.65,0.05,0.01,0.01,0.00,0.00,0.00,0
1608,279,0,0,0,0,0,1,0,0,0,0,0,0,0,0,0,0,1,1,0.00,0.00,0.00,0.00,1.00,0.00,0.00,94,177,0.69,0.04,0.01,0.01,0.00,0.00,0.00,0
1930,328,0,0,0,0,0,1,0,0,0,0,0,0,0,0,0,0,1,2,0.00,0.00,0.00,0.00,1.00,0.00,1.00,104,179,0.69,0.04,0.01,0.01,0.00,0.00,0.00,0
1364,328,0,0,0,0,0,1,0,0,0,0,0,0,0,0,0,0,1,1,0.00,0.00,0.00,0.00,1.00,0.00,0.00,114,177,0.69,0.04,0.01,0.01,0.00,0.00,0.00,0
1112,329,0,0,0,0,0,1,0,0,0,0,0,0,0,0,0,0,1,1,0.00,0.00,0.00,0.00,1.00,0.00,0.00,124,179,0.70,0.03,0.01,0.01,0.00,0.00,0.00,0
2000,325,0,0,0,0,0,1,0,0,0,0,0,0,0,0,0,0,1,2,0.00,0.00,0.00,0.00,1.00,0.00,1.00,134,178,0.70,0.03,0.01,0.01,0.00,0.00,0.00,0
33,0,0,0,0,0,0,0,0,0,0,0,0,0,0,0,0,0,1,2,0.00,0.00,0.00,0.00,1.00,0.00,1.00,144,54,0.22,0.03,0.22,0.04,0.00,0.00,0.00,0
1131,328,0,0,0,0,0,1,0,0,0,0,0,0,0,0,0,0,1,2,0.00,0.00,0.00,0.00,1.00,0.00,1.00,154,179,0.69,0.03,0.01,0.01,0.00,0.00,0.00,0
588,332,0,0,0,0,0,1,0,0,0,0,0,0,1,0,0,0,1,1,0.00,0.00,0.00,0.00,1.00,0.00,0.00,164,178,0.70,0.02,0.01,0.01,0.00,0.00,0.00,0
810,280,0,0,0,0,0,1,0,0,0,0,0,0,0,0,0,0,1,2,0.00,0.00,0.00,0.00,1.00,0.00,1.00,174,172,0.67,0.03,0.01,0.01,0.00,0.00,0.00,0
33,0,0,0,0,0,0,0,0,0,0,0,0,0,0,0,0,0,1,3,0.00,0.00,0.00,0.00,1.00,0.00,1.00,184,61,0.25,0.03,0.25,0.03,0.00,0.00,0.00,0
9,37,0,0,0,0,0,1,0,0,0,0,0,0,0,0,0,0,3,1,0.00,0.00,0.00,0.00,0.33,0.67,0.00,194,9,0.04,0.03,0.01,0.22,0.00,0.00,0.00,0
211,2310,0,0,0,0,0,1,0,0,0,0,0,0,0,0,0,0,3,24,0.00,0.00,0.00,0.00,1.00,0.00,0.17,6,6,1.00,0.00,0.17,0.00,0.00,0.00,0.00,0
1855,329,0,0,0,0,0,1,0,0,0,0,0,0,0,0,0,0,1,2,0.00,0.00,0.00,0.00,1.00,0.00,1.00,10,171,0.80,0.30,0.10,0.02,0.00,0.00,0.00,0
839,333,0,0,0,0,0,1,0,0,0,0,0,0,0,0,0,0,1,1,0.00,0.00,0.00,0.00,1.00,0.00,0.00,20,172,0.85,0.15,0.05,0.02,0.00,0.00,0.00,0
29,0,0,0,0,0,0,0,0,0,0,0,0,0,0,0,0,0,1,2,0.00,0.00,0.00,0.00,1.00,0.00,1.00,30,56,0.17,0.10,0.17,0.05,0.00,0.00,0.00,0
1038,331,0,0,0,0,0,1,0,0,0,0,0,0,0,0,0,0,1,1,0.00,0.00,0.00,0.00,1.00,0.00,0.00,40,167,0.73,0.08,0.03,0.02,0.00,0.00,0.00,0
3107,329,0,0,0,0,0,1,0,0,0,0,0,0,0,0,0,0,1,2,0.00,0.00,0.00,0.00,1.00,0.00,1.00,50,168,0.72,0.08,0.02,0.01,0.00,0.00,0.00,0
1678,283,0,0,0,0,0,1,0,0,0,0,0,0,0,0,0,0,1,1,0.00,0.00,0.00,0.00,1.00,0.00,0.00,60,169,0.73,0.07,0.02,0.01,0.00,0.00,0.00,0
29,0,0,0,0,0,0,0,0,0,0,0,0,0,0,0,0,0,1,2,0.00,0.00,0.00,0.00,1.00,0.00,1.00,70,58,0.20,0.06,0.20,0.03,0.00,0.00,0.00,0
1119,334,0,0,0,0,0,1,0,0,0,0,0,0,0,0,0,0,1,1,0.00,0.00,0.00,0.00,1.00,0.00,0.00,80,169,0.73,0.05,0.01,0.01,0.00,0.00,0.00,0
34,0,0,0,0,0,0,0,0,0,0,0,0,0,0,0,0,0,1,2,0.00,0.00,0.00,0.00,1.00,0.00,1.00,90,57,0.22,0.04,0.22,0.04,0.00,0.00,0.00,0
29,0,0,0,0,0,0,0,0,0,0,0,0,0,0,0,0,0,1,3,0.00,0.00,0.00,0.00,1.00,0.00,1.00,100,57,0.22,0.04,0.22,0.04,0.00,0.00,0.00,0
1474,333,0,0,0,0,0,1,0,0,0,0,0,0,0,0,0,0,1,2,0.00,0.00,0.00,0.00,1.00,0.00,1.00,110,171,0.72,0.04,0.01,0.01,0.00,0.00,0.00,0
1992,332,0,0,0,0,0,1,0,0,0,0,0,0,0,0,0,0,1,1,0.00,0.00,0.00,0.00,1.00,0.00,0.00,120,171,0.72,0.03,0.01,0.01,0.00,0.00,0.00,0
29,0,0,0,0,0,0,0,0,0,0,0,0,0,0,0,0,0,1,6,0.00,0.00,0.00,0.00,1.00,0.00,0.50,130,57,0.22,0.03,0.22,0.04,0.00,0.00,0.00,0
1663,330,0,0,0,0,0,1,0,0,0,1,0,0,0,0,0,0,1,2,0.00,0.00,0.00,0.00,1.00,0.00,1.00,140,173,0.72,0.03,0.01,0.01,0.00,0.00,0.00,0
1131,329,0,0,0,0,0,1,0,0,0,0,0,0,0,0,0,0,1,2,0.00,0.00,0.00,0.00,1.00,0.00,1.00,150,173,0.73,0.03,0.01,0.01,0.00,0.00,0.00,0
1081,331,0,0,0,0,0,1,0,0,0,0,0,0,0,0,0,0,1,4,0.00,0.00,0.00,0.00,1.00,0.00,1.00,160,173,0.73,0.03,0.01,0.01,0.00,0.00,0.00,0
1348,328,0,0,0,0,0,1,0,0,0,0,0,0,0,0,0,0,1,1,0.00,0.00,0.00,0.00,1.00,0.00,0.00,170,171,0.71,0.02,0.01,0.01,0.00,0.00,0.00,0
1021,333,0,0,0,0,0,1,0,0,0,0,0,0,0,0,0,0,1,1,0.00,0.00,0.00,0.00,1.00,0.00,0.00,180,170,0.71,0.02,0.01,0.01,0.00,0.00,0.00,0
767,326,0,0,0,0,0,1,0,0,0,0,0,0,0,0,0,0,1,1,0.00,0.00,0.00,0.00,1.00,0.00,0.00,190,173,0.72,0.02,0.01,0.01,0.00,0.00,0.00,0
878,333,0,0,0,0,0,1,0,0,0,0,0,0,0,0,0,0,1,1,0.00,0.00,0.00,0.00,1.00,0.00,0.00,200,174,0.73,0.02,0.00,0.01,0.00,0.00,0.00,0
1590,330,0,0,0,0,0,1,0,0,0,0,0,0,0,0,0,0,1,3,0.00,0.00,0.00,0.00,1.00,0.00,1.00,210,175,0.73,0.02,0.00,0.01,0.00,0.00,0.00,0
10,35,0,0,0,0,0,1,0,0,0,0,0,0,0,0,0,0,2,1,0.00,0.00,0.00,0.00,0.50,1.00,0.00,5,10,0.40,0.60,0.20,0.30,0.00,0.00,0.00,0
1473,326,0,0,0,0,0,1,0,0,0,0,0,0,0,0,0,0,2,1,0.00,0.00,0.00,0.00,0.50,1.00,0.00,15,178,0.67,0.27,0.07,0.02,0.00,0.00,0.00,0
618,329,0,0,0,0,0,1,0,0,0,0,0,0,0,0,0,0,1,1,0.00,0.00,0.00,0.00,1.00,0.00,0.00,25,181,0.72,0.16,0.04,0.02,0.00,0.00,0.00,0
995,332,0,0,0,0,0,1,0,0,0,0,0,0,0,0,0,0,1,1,0.00,0.00,0.00,0.00,1.00,0.00,0.00,35,180,0.71,0.11,0.03,0.01,0.00,0.00,0.00,0
817,334,0,0,0,0,0,1,0,0,0,0,0,0,0,0,0,0,1,1,0.00,0.00,0.00,0.00,1.00,0.00,0.00,45,183,0.71,0.09,0.02,0.01,0.00,0.00,0.00,0
748,337,0,0,0,0,0,1,0,0,0,0,0,0,0,0,0,0,1,1,0.00,0.00,0.00,0.00,1.00,0.00,0.00,55,183,0.73,0.07,0.02,0.01,0.00,0.00,0.00,0
1044,333,0,0,0,0,0,1,0,0,0,0,1,0,0,0,0,0,1,1,0.00,0.00,0.00,0.00,1.00,0.00,0.00,65,182,0.74,0.06,0.02,0.01,0.00,0.00,0.00,0
2754,332,0,0,0,0,0,1,0,0,0,0,0,0,0,0,0,0,1,2,0.00,0.00,0.00,0.00,1.00,0.00,1.00,75,185,0.75,0.05,0.01,0.01,0.00,0.00,0.00,0
1500,327,0,0,0,0,0,1,0,0,0,0,0,0,0,0,0,0,2,3,0.00,0.00,0.00,0.00,0.50,1.00,1.00,85,186,0.74,0.05,0.01,0.01,0.00,0.00,0.00,0
834,334,0,0,0,0,0,1,0,0,0,0,0,0,0,0,0,0,1,1,0.00,0.00,0.00,0.00,1.00,0.00,0.00,95,188,0.76,0.04,0.01,0.01,0.00,0.00,0.00,0
1659,333,0,0,0,0,0,1,0,0,0,0,0,0,0,0,0,0,1,1,0.00,0.00,0.00,0.00,1.00,0.00,0.00,105,187,0.75,0.04,0.01,0.01,0.00,0.00,0.00,0
950,332,0,0,0,0,0,1,0,0,0,0,0,0,0,0,0,0,1,1,0.00,0.00,0.00,0.00,1.00,0.00,0.00,115,188,0.76,0.03,0.01,0.01,0.00,0.00,0.00,0
1778,332,0,0,0,0,0,1,0,0,0,0,0,0,0,0,0,0,1,1,0.00,0.00,0.00,0.00,1.00,0.00,0.00,125,188,0.75,0.03,0.01,0.01,0.00,0.00,0.00,0
31,0,0,0,0,0,0,0,0,0,0,0,0,0,0,0,0,0,1,4,0.00,0.00,0.00,0.00,1.00,0.00,0.75,135,41,0.11,0.03,0.11,0.05,0.00,0.00,0.00,0
885,332,0,0,0,0,0,1,0,0,0,0,0,0,0,0,0,0,1,1,0.00,0.00,0.00,0.00,1.00,0.00,0.00,145,190,0.76,0.03,0.01,0.01,0.00,0.00,0.00,0
1268,280,0,0,0,0,0,1,0,0,0,0,0,0,0,0,0,0,1,1,0.00,0.00,0.00,0.00,1.00,0.00,0.00,155,192,0.77,0.03,0.01,0.01,0.00,0.00,0.00,0
1654,329,0,0,0,0,0,1,0,0,0,0,1,0,0,0,0,0,1,1,0.00,0.00,0.00,0.00,1.00,0.00,0.00,165,189,0.75,0.02,0.01,0.01,0.00,0.00,0.00,0
1691,331,0,0,0,0,0,1,0,0,0,0,0,0,0,0,0,0,1,1,0.00,0.00,0.00,0.00,1.00,0.00,0.00,175,189,0.75,0.02,0.01,0.01,0.00,0.00,0.00,0
31,0,0,0,0,0,0,0,0,0,0,0,0,0,0,0,0,0,3,2,0.00,0.00,0.00,0.00,0.33,1.00,1.00,185,39,0.13,0.02,0.13,0.05,0.00,0.00,0.00,0
943,330,0,0,0,0,0,1,0,0,0,0,0,0,0,0,0,0,1,1,0.00,0.00,0.00,0.00,1.00,0.00,0.00,195,189,0.75,0.02,0.01,0.01,0.00,0.00,0.00,0
8,137,0,0,0,0,0,0,0,0,0,0,0,0,0,0,0,0,1,1,0.00,0.00,0.00,0.00,1.00,0.00,0.00,205,13,0.06,0.02,0.00,0.00,0.00,0.00,0.00,0
938,328,0,0,0,0,0,1,0,0,0,0,1,0,0,0,0,0,1,1,0.00,0.00,0.00,0.00,1.00,0.00,0.00,2,192,0.50,1.00,0.50,0.02,0.00,0.00,0.00,0
881,329,0,0,0,0,0,1,0,0,0,0,0,0,0,0,0,0,1,1,0.00,0.00,0.00,0.00,1.00,0.00,0.00,12,191,0.67,0.33,0.08,0.02,0.00,0.00,0.00,0
1070,327,0,0,0,0,0,1,0,0,0,0,0,0,0,0,0,0,1,6,0.00,0.00,0.00,0.00,1.00,0.00,1.00,22,193,0.82,0.18,0.05,0.02,0.00,0.00,0.00,0
33,0,0,0,0,0,0,0,0,0,0,0,0,0,0,0,0,0,1,2,0.00,0.00,0.00,0.00,1.00,0.00,1.00,32,33,0.12,0.12,0.12,0.09,0.00,0.00,0.00,0
10,38,0,0,0,0,0,1,0,0,0,0,0,0,0,0,0,0,2,1,0.00,0.00,0.00,0.00,0.50,1.00,0.00,42,14,0.05,0.10,0.02,0.14,0.00,0.00,0.00,0
895,327,0,0,0,0,0,1,0,0,0,0,0,0,0,0,0,0,1,6,0.00,0.00,0.00,0.00,1.00,0.00,0.83,52,194,0.77,0.08,0.02,0.01,0.00,0.00,0.00,0
1080,330,0,0,0,0,0,1,0,0,0,0,0,0,0,0,0,0,1,4,0.00,0.00,0.00,0.00,1.00,0.00,1.00,62,195,0.79,0.06,0.02,0.01,0.00,0.00,0.00,0
1791,331,0,0,0,0,0,1,0,0,0,0,0,0,0,0,0,0,1,2,0.00,0.00,0.00,0.00,1.00,0.00,1.00,72,196,0.79,0.06,0.01,0.01,0.00,0.00,0.00,0
649,327,0,0,0,0,0,1,0,0,0,0,0,0,0,0,0,0,1,2,0.00,0.00,0.00,0.00,1.00,0.00,1.00,82,197,0.80,0.05,0.01,0.01,0.00,0.00,0.00,0
2561,327,0,0,0,0,0,1,0,0,0,0,0,0,0,0,0,0,2,1,0.00,0.00,0.00,0.00,0.50,1.00,0.00,92,197,0.79,0.04,0.01,0.01,0.00,0.00,0.00,0
788,330,0,0,0,0,0,1,0,0,0,0,0,0,0,0,0,0,1,4,0.00,0.00,0.00,0.00,1.00,0.00,1.00,102,199,0.80,0.04,0.01,0.01,0.00,0.00,0.00,0
29,0,0,0,0,0,0,0,0,0,0,0,0,0,0,0,0,0,1,4,0.00,0.00,0.00,0.00,1.00,0.00,0.75,112,36,0.13,0.04,0.13,0.06,0.00,0.00,0.00,0
573,329,0,0,0,0,0,1,0,0,0,0,0,0,0,0,0,0,1,1,0.00,0.00,0.00,0.00,1.00,0.00,0.00,122,196,0.79,0.03,0.01,0.01,0.00,0.00,0.00,0
737,330,0,0,0,0,0,1,0,0,0,0,0,0,0,0,0,0,1,4,0.00,0.00,0.00,0.00,1.00,0.00,1.00,132,195,0.77,0.03,0.01,0.01,0.00,0.00,0.00,0
10,37,0,0,0,0,0,1,0,0,0,0,0,0,0,0,0,0,2,1,0.00,0.00,0.00,0.00,0.50,1.00,0.00,142,13,0.05,0.03,0.01,0.15,0.00,0.00,0.00,0
1288,327,0,0,0,0,0,1,0,0,0,0,0,0,0,0,0,0,1,2,0.00,0.00,0.00,0.00,1.00,0.00,1.00,152,193,0.76,0.03,0.01,0.01,0.00,0.00,0.00,0
7,222,0,0,0,0,0,0,0,0,0,0,0,0,0,0,0,0,1,1,0.00,0.00,0.00,0.00,1.00,0.00,0.00,162,14,0.06,0.02,0.01,0.14,0.00,0.00,0.00,0
818,364,0,0,0,0,0,1,0,0,0,0,0,0,0,0,0,0,1,1,0.00,0.00,0.00,0.00,1.00,0.00,0.00,172,193,0.76,0.02,0.01,0.01,0.00,0.00,0.00,0
891,329,0,0,0,0,0,1,0,0,0,0,0,0,0,0,0,0,1,1,0.00,0.00,0.00,0.00,1.00,0.00,0.00,182,193,0.76,0.02,0.01,0.01,0.00,0.00,0.00,0
1600,330,0,0,0,0,0,1,0,0,0,0,0,0,0,0,0,0,1,2,0.00,0.00,0.00,0.00,1.00,0.00,1.00,192,190,0.75,0.02,0.01,0.01,0.00,0.00,0.00,0
2001,326,0,0,0,0,0,1,0,0,0,0,0,0,0,0,0,0,1,3,0.00,0.00,0.00,0.00,1.00,0.00,1.00,202,190,0.75,0.02,0.00,0.01,0.00,0.00,0.00,0
1180,331,0,0,0,0,0,1,0,0,0,0,0,0,0,0,0,0,1,1,0.00,0.00,0.00,0.00,1.00,0.00,0.00,212,191,0.75,0.02,0.00,0.01,0.00,0.00,0.00,0
977,326,0,0,0,0,0,1,0,0,0,0,0,0,0,0,0,0,1,3,0.00,0.00,0.00,0.00,1.00,0.00,1.00,222,190,0.75,0.02,0.00,0.01,0.00,0.00,0.00,0
1026,328,0,0,0,0,0,1,0,0,0,0,0,0,0,0,0,0,2,1,0.00,0.00,0.00,0.00,0.50,1.00,0.00,232,192,0.75,0.02,0.00,0.01,0.00,0.00,0.00,0
2452,329,0,0,0,0,0,1,0,0,0,0,0,0,0,0,0,0,1,1,0.00,0.00,0.00,0.00,1.00,0.00,0.00,242,190,0.74,0.02,0.00,0.01,0.00,0.00,0.00,0
743,327,0,0,0,0,0,1,0,0,0,0,0,0,0,0,0,0,2,2,0.00,0.00,0.00,0.00,0.50,1.00,1.00,252,186,0.73,0.02,0.00,0.01,0.00,0.00,0.00,0
8,364,0,0,0,0,0,0,0,0,0,0,0,0,0,0,0,0,1,1,0.00,0.00,0.00,0.00,1.00,0.00,0.00,255,16,0.06,0.02,0.00,0.00,0.00,0.00,0.00,0
698,327,0,0,0,0,0,1,0,0,0,0,0,0,0,0,0,0,1,4,0.00,0.00,0.00,0.00,1.00,0.00,1.00,255,183,0.72,0.02,0.00,0.00,0.00,0.00,0.00,0
1422,331,0,0,0,0,0,1,0,0,0,0,0,0,0,0,0,0,1,4,0.00,0.00,0.00,0.00,1.00,0.00,1.00,255,180,0.71,0.02,0.00,0.00,0.00,0.00,0.00,0
1234,327,0,0,0,0,0,1,0,0,0,0,0,0,0,0,0,0,1,1,0.00,0.00,0.00,0.00,1.00,0.00,0.00,255,180,0.71,0.02,0.00,0.00,0.00,0.00,0.00,0
875,364,0,0,0,0,0,1,0,0,0,0,0,0,0,0,0,0,1,3,0.00,0.00,0.00,0.00,1.00,0.00,1.00,255,182,0.71,0.02,0.00,0.00,0.00,0.00,0.00,0
1074,334,0,0,0,0,0,1,0,0,0,0,0,0,0,0,0,0,1,2,0.00,0.00,0.00,0.00,1.00,0.00,1.00,9,181,0.67,0.44,0.11,0.01,0.00,0.00,0.00,0
1579,339,0,0,0,0,0,1,0,0,0,0,0,0,0,0,0,0,1,1,0.00,0.00,0.00,0.00,1.00,0.00,0.00,19,179,0.74,0.21,0.05,0.01,0.00,0.00,0.00,0
638,333,0,0,0,0,0,1,0,0,0,0,0,0,0,0,0,0,1,1,0.00,0.00,0.00,0.00,1.00,0.00,0.00,29,178,0.69,0.14,0.03,0.01,0.00,0.00,0.00,0
36,0,0,0,0,0,0,0,0,0,0,0,0,0,0,0,0,0,2,4,0.00,0.00,0.00,0.00,1.00,0.00,0.50,39,46,0.23,0.10,0.23,0.04,0.00,0.00,0.00,0
1981,331,0,0,0,0,0,1,0,0,0,0,0,0,0,0,0,0,1,1,0.00,0.00,0.00,0.00,1.00,0.00,0.00,49,174,0.67,0.08,0.02,0.01,0.00,0.00,0.00,0
1403,337,0,0,0,0,0,1,0,0,0,0,0,0,0,0,0,0,1,1,0.00,0.00,0.00,0.00,1.00,0.00,0.00,59,177,0.71,0.07,0.02,0.01,0.00,0.00,0.00,0
1820,337,0,0,0,0,0,1,0,0,0,0,0,0,0,0,0,0,1,3,0.00,0.00,0.00,0.00,1.00,0.00,1.00,69,177,0.72,0.06,0.01,0.01,0.00,0.00,0.00,0
949,373,0,0,0,0,0,1,0,0,0,0,0,0,0,0,0,0,1,2,0.00,0.00,0.00,0.00,1.00,0.00,1.00,79,176,0.71,0.05,0.01,0.01,0.00,0.00,0.00,0
1567,337,0,0,0,0,0,1,0,0,0,0,0,0,0,0,0,0,2,1,0.00,0.00,0.00,0.00,0.50,1.00,0.00,89,179,0.73,0.04,0.01,0.01,0.00,0.00,0.00,0
1877,336,0,0,0,0,0,1,0,0,0,0,0,0,0,0,0,0,1,1,0.00,0.00,0.00,0.00,1.00,0.00,0.00,99,181,0.74,0.04,0.01,0.01,0.00,0.00,0.00,0
31,0,0,0,0,0,0,0,0,0,0,0,0,0,0,0,0,0,1,3,0.00,0.00,0.00,0.00,1.00,0.00,1.00,109,48,0.19,0.04,0.19,0.04,0.00,0.00,0.00,0
9,38,0,0,0,0,0,1,0,0,0,0,0,0,0,0,0,0,2,1,0.00,0.00,0.00,0.00,0.50,1.00,0.00,119,12,0.04,0.03,0.01,0.17,0.00,0.00,0.00,0
10,38,0,0,0,0,0,1,0,0,0,0,0,0,0,0,0,0,2,1,0.00,0.00,0.00,0.00,0.50,1.00,0.00,129,14,0.05,0.03,0.01,0.14,0.00,0.00,0.00,0
31,0,0,0,0,0,0,0,0,0,0,0,0,0,0,0,0,0,1,6,0.00,0.00,0.00,0.00,1.00,0.00,0.67,139,48,0.18,0.03,0.18,0.04,0.00,0.00,0.00,0
2004,332,0,0,0,0,0,1,0,0,0,0,0,0,0,0,0,0,1,3,0.00,0.00,0.00,0.00,1.00,0.00,1.00,149,179,0.72,0.03,0.01,0.01,0.00,0.00,0.00,0
758,338,0,0,0,0,0,1,0,0,0,0,0,0,0,0,0,0,1,1,0.00,0.00,0.00,0.00,1.00,0.00,0.00,159,182,0.74,0.03,0.01,0.01,0.00,0.00,0.00,0
1134,334,0,0,0,0,0,1,0,0,0,0,0,0,0,0,0,0,1,3,0.00,0.00,0.00,0.00,1.00,0.00,1.00,169,180,0.73,0.02,0.01,0.01,0.00,0.00,0.00,0
36,0,0,0,0,0,0,0,0,0,0,0,0,0,0,0,0,0,1,3,0.00,0.00,0.00,0.00,1.00,0.00,0.67,179,51,0.19,0.02,0.19,0.04,0.00,0.00,0.00,0
31,0,0,0,0,0,0,0,0,0,0,0,0,0,0,0,0,0,1,6,0.00,0.00,0.00,0.00,1.00,0.00,0.67,189,55,0.21,0.02,0.21,0.04,0.00,0.00,0.00,0
1523,286,0,0,0,0,0,1,0,0,0,0,0,0,0,0,0,0,1,1,0.00,0.00,0.00,0.00,1.00,0.00,0.00,199,177,0.70,0.02,0.01,0.01,0.00,0.00,0.00,0
846,339,0,0,0,0,0,1,0,0,0,0,0,0,0,0,0,0,1,3,0.00,0.00,0.00,0.00,1.00,0.00,1.00,209,183,0.71,0.02,0.00,0.01,0.00,0.00,0.00,0
1760,333,0,0,0,0,0,1,0,0,0,0,0,0,0,0,0,0,1,2,0.00,0.00,0.00,0.00,1.00,0.00,1.00,10,180,0.50,0.30,0.10,0.02,0.00,0.00,0.00,0
1368,327,0,0,0,0,0,1,0,0,0,0,0,0,0,0,0,0,1,3,0.00,0.00,0.00,0.00,1.00,0.00,1.00,20,182,0.60,0.15,0.05,0.02,0.00,0.00,0.00,0
652,330,0,0,0,0,0,1,0,0,0,0,0,0,0,0,0,0,1,1,0.00,0.00,0.00,0.00,1.00,0.00,0.00,30,181,0.60,0.13,0.03,0.02,0.00,0.00,0.00,0
973,331,0,0,0,0,0,1,0,0,0,0,0,0,0,0,0,0,1,1,0.00,0.00,0.00,0.00,1.00,0.00,0.00,40,177,0.57,0.10,0.03,0.02,0.00,0.00,0.00,0
833,331,0,0,0,0,0,1,0,0,0,0,0,0,0,0,0,0,1,1,0.00,0.00,0.00,0.00,1.00,0.00,0.00,50,174,0.58,0.08,0.02,0.01,0.00,0.00,0.00,0
1389,331,0,0,0,0,0,1,0,0,0,0,0,0,0,0,0,0,1,3,0.00,0.00,0.00,0.00,1.00,0.00,1.00,60,175,0.62,0.07,0.02,0.01,0.00,0.00,0.00,0
790,333,0,0,0,0,0,1,0,0,0,0,0,0,0,0,0,0,1,1,0.00,0.00,0.00,0.00,1.00,0.00,0.00,70,178,0.66,0.06,0.01,0.01,0.00,0.00,0.00,0
32,0,0,0,0,0,0,0,0,0,0,0,0,0,0,0,0,0,1,2,0.00,0.00,0.00,0.00,1.00,0.00,1.00,80,53,0.21,0.05,0.21,0.04,0.00,0.00,0.00,0
835,333,0,0,0,0,0,1,0,0,0,0,0,0,0,0,0,0,3,2,0.00,0.00,0.00,0.00,0.33,1.00,1.00,90,178,0.64,0.04,0.01,0.01,0.00,0.00,0.00,0
32,0,0,0,0,0,0,0,0,0,0,0,0,0,0,0,0,0,1,4,0.00,0.00,0.00,0.00,1.00,0.00,0.75,100,52,0.20,0.04,0.20,0.04,0.00,0.00,0.00,0
551,328,0,0,0,0,0,1,0,0,0,0,0,0,0,0,0,0,1,1,0.00,0.00,0.00,0.00,1.00,0.00,0.00,110,179,0.69,0.04,0.01,0.01,0.00,0.00,0.00,0
32,0,0,0,0,0,0,0,0,0,0,0,0,0,0,0,0,0,1,4,0.00,0.00,0.00,0.00,1.00,0.00,0.75,120,49,0.18,0.03,0.18,0.04,0.00,0.00,0.00,0
1299,328,0,0,0,0,0,1,0,0,0,0,0,0,0,0,0,0,1,1,0.00,0.00,0.00,0.00,1.00,0.00,0.00,130,180,0.70,0.03,0.01,0.01,0.00,0.00,0.00,0
1277,328,0,0,0,0,0,1,0,0,0,0,0,0,2,0,0,0,1,2,0.00,0.00,0.00,0.00,1.00,0.00,1.00,140,179,0.70,0.03,0.01,0.01,0.00,0.00,0.00,0
891,335,0,0,0,0,0,1,0,0,0,0,0,0,0,0,0,0,1,1,0.00,0.00,0.00,0.00,1.00,0.00,0.00,150,177,0.71,0.03,0.01,0.01,0.00,0.00,0.00,0
718,334,0,0,0,0,0,1,0,0,0,0,0,0,0,0,0,0,1,4,0.00,0.00,0.00,0.00,1.00,0.00,0.75,160,179,0.71,0.03,0.01,0.01,0.00,0.00,0.00,0
1498,333,0,0,0,0,0,1,0,0,0,0,0,0,0,0,0,0,1,2,0.00,0.00,0.00,0.00,1.00,0.00,1.00,170,181,0.71,0.02,0.01,0.01,0.00,0.00,0.00,0
678,278,0,0,0,0,0,1,0,0,0,0,0,0,0,0,0,0,1,1,0.00,0.00,0.00,0.00,1.00,0.00,0.00,180,181,0.71,0.02,0.01,0.01,0.00,0.00,0.00,0
1285,327,0,0,0,0,0,1,0,0,0,0,0,0,0,0,0,0,1,1,0.00,0.00,0.00,0.00,1.00,0.00,0.00,190,176,0.69,0.02,0.01,0.01,0.00,0.00,0.00,0
1497,332,0,0,0,0,0,1,0,0,0,0,0,0,0,0,0,0,2,1,0.00,0.00,0.00,0.00,0.50,1.00,0.00,200,174,0.69,0.02,0.00,0.01,0.00,0.00,0.00,0
658,284,0,0,0,0,0,1,0,0,0,0,0,0,0,0,0,0,1,1,0.00,0.00,0.00,0.00,1.00,0.00,0.00,210,176,0.70,0.02,0.00,0.01,0.00,0.00,0.00,0
34,0,0,0,0,0,0,0,0,0,0,0,0,0,0,0,0,0,1,2,0.00,0.00,0.00,0.00,1.00,0.00,1.00,220,48,0.17,0.02,0.17,0.04,0.00,0.00,0.00,0
9,34,0,0,0,0,0,1,0,0,0,0,0,0,0,0,0,0,2,1,0.00,0.00,0.00,0.00,0.50,1.00,0.00,230,22,0.10,0.02,0.00,0.00,0.00,0.00,0.00,0
34,0,0,0,0,0,0,0,0,0,0,0,0,0,0,0,0,0,1,2,0.00,0.00,0.00,0.00,1.00,0.00,1.00,240,48,0.19,0.02,0.19,0.04,0.00,0.00,0.00,0
975,334,0,0,0,0,0,1,0,0,0,0,0,0,0,0,0,0,1,2,0.00,0.00,0.00,0.00,1.00,0.00,1.00,250,175,0.68,0.02,0.00,0.01,0.00,0.00,0.00,0
888,332,0,0,0,0,0,1,0,0,0,0,0,0,0,0,0,0,1,1,0.00,0.00,0.00,0.00,1.00,0.00,0.00,1,177,1.00,0.00,1.00,0.01,0.00,0.00,0.00,0
1384,338,0,0,0,0,0,1,0,0,0,0,0,0,0,0,0,0,1,1,0.00,0.00,0.00,0.00,1.00,0.00,0.00,11,173,0.45,0.27,0.09,0.01,0.00,0.00,0.00,0
233,766,0,0,0,4,0,1,0,0,0,0,0,0,0,0,0,1,1,1,0.00,0.00,0.00,0.00,1.00,0.00,0.00,21,3,0.14,0.19,0.05,0.00,0.00,0.00,0.00,0
32,0,0,0,0,0,0,0,0,0,0,0,0,0,0,0,0,0,1,2,0.00,0.00,0.00,0.00,1.00,0.00,1.00,31,42,0.13,0.13,0.13,0.05,0.00,0.00,0.00,0
230,768,0,0,0,4,0,1,0,0,0,0,0,0,0,0,0,1,1,1,0.00,0.00,0.00,0.00,1.00,0.00,0.00,41,13,0.32,0.10,0.02,0.00,0.00,0.00,0.00,0
1037,333,0,0,0,0,0,1,0,0,0,0,0,0,0,0,0,0,1,2,0.00,0.00,0.00,0.00,1.00,0.00,1.00,51,167,0.45,0.08,0.02,0.01,0.00,0.00,0.00,0
1086,3081,0,0,0,22,0,1,0,0,0,0,0,0,0,0,0,1,1,1,0.00,0.00,0.00,0.00,1.00,0.00,0.00,61,18,0.30,0.07,0.02,0.00,0.00,0.00,0.00,0
1308,337,0,0,0,0,0,1,0,0,0,0,0,0,0,0,0,0,1,1,0.00,0.00,0.00,0.00,1.00,0.00,0.00,71,162,0.48,0.06,0.01,0.01,0.00,0.00,0.00,0
1947,333,0,0,0,0,0,1,0,0,0,0,0,0,0,0,0,0,1,2,0.00,0.00,0.00,0.00,1.00,0.00,1.00,81,163,0.49,0.05,0.01,0.01,0.00,0.00,0.00,0
29,0,0,0,0,0,0,0,0,0,0,0,0,0,0,0,0,0,1,2,0.00,0.00,0.00,0.00,1.00,0.00,1.00,91,42,0.14,0.04,0.14,0.05,0.00,0.00,0.00,0
1423,329,0,0,0,0,0,1,0,0,0,0,0,0,0,0,0,0,1,1,0.00,0.00,0.00,0.00,1.00,0.00,0.00,101,153,0.47,0.04,0.01,0.01,0.00,0.00,0.00,0
1717,337,0,0,0,0,0,1,0,0,0,0,0,0,0,0,0,0,2,2,0.00,0.00,0.00,0.00,0.50,1.00,1.00,111,150,0.48,0.05,0.01,0.01,0.00,0.00,0.00,0
244,774,0,0,0,4,0,1,0,0,0,0,0,0,0,0,0,1,1,1,0.00,0.00,0.00,0.00,1.00,0.00,0.00,121,35,0.29,0.04,0.01,0.00,0.00,0.00,0.00,0
10,37,0,0,0,0,0,1,0,0,0,0,0,0,0,0,0,0,2,1,0.00,0.00,0.00,0.00,0.50,1.00,0.00,131,23,0.08,0.04,0.01,0.09,0.00,0.00,0.00,0
1470,332,0,0,0,0,0,1,0,0,0,0,0,0,0,0,0,0,1,3,0.00,0.00,0.00,0.00,1.00,0.00,1.00,141,143,0.48,0.04,0.01,0.01,0.00,0.00,0.00,0
60,189,0,0,0,0,1,0,0,0,0,0,0,0,0,0,0,0,1,1,0.00,0.00,0.00,0.00,1.00,0.00,0.00,151,47,0.31,0.03,0.01,0.00,0.00,0.00,0.00,0
281,903,0,0,0,5,0,1,0,0,0,0,0,0,0,0,0,1,1,1,0.00,0.00,0.00,0.00,1.00,0.00,0.00,161,49,0.30,0.03,0.01,0.00,0.00,0.00,0.00,0
1201,3380,0,0,0,24,0,1,0,0,0,0,0,0,0,0,0,1,2,1,0.00,0.00,0.00,0.00,0.50,1.00,0.00,171,52,0.30,0.03,0.01,0.00,0.00,0.00,0.00,0
1346,369,0,0,0,0,0,1,0,0,0,0,0,0,0,0,0,0,1,3,0.00,0.00,0.00,0.00,1.00,0.00,1.00,181,133,0.47,0.03,0.01,0.02,0.00,0.00,0.00,0
332,1069,0,0,0,6,0,1,0,0,0,0,0,0,0,0,0,1,1,1,0.00,0.00,0.00,0.00,1.00,0.00,0.00,191,57,0.30,0.03,0.01,0.00,0.00,0.00,0.00,0
887,327,0,0,0,0,0,1,0,0,0,0,0,0,0,0,0,0,1,2,0.00,0.00,0.00,0.00,1.00,0.00,1.00,201,129,0.47,0.03,0.00,0.02,0.00,0.00,0.00,0
790,332,0,0,0,0,0,1,0,0,0,0,0,0,0,0,0,0,1,3,0.00,0.00,0.00,0.00,1.00,0.00,1.00,211,124,0.47,0.03,0.00,0.02,0.00,0.00,0.00,0
29,0,0,0,0,0,0,0,0,0,0,0,0,0,0,0,0,0,1,1,0.00,0.00,0.00,0.00,1.00,0.00,0.00,221,43,0.17,0.03,0.17,0.05,0.00,0.00,0.00,0
1490,333,0,0,0,0,0,1,0,0,0,0,0,0,0,0,0,0,1,3,0.00,0.00,0.00,0.00,1.00,0.00,1.00,231,122,0.45,0.03,0.00,0.02,0.00,0.00,0.00,0
710,2077,0,0,0,14,0,1,0,0,0,0,0,0,0,0,0,1,1,1,0.00,0.00,0.00,0.00,1.00,0.00,0.00,241,68,0.28,0.02,0.00,0.00,0.00,0.00,0.00,0
29,0,0,0,0,0,0,0,0,0,0,0,0,0,0,0,0,0,1,5,0.00,0.00,0.00,0.00,1.00,0.00,0.80,251,45,0.18,0.02,0.18,0.00,0.00,0.00,0.00,0
336,1063,0,0,0,6,0,1,0,0,0,0,0,0,0,0,0,1,1,1,0.00,0.00,0.00,0.00,1.00,0.00,0.00,255,70,0.27,0.02,0.00,0.00,0.00,0.00,0.00,0
211,2273,0,0,0,0,0,1,0,0,0,0,0,0,0,0,0,0,9,9,0.00,0.00,0.00,0.00,1.00,0.00,0.00,9,9,1.00,0.00,0.11,0.00,0.00,0.00,0.00,0
170,3308,0,0,0,0,0,1,0,0,0,0,0,0,0,0,0,0,1,1,0.00,0.00,0.00,0.00,1.00,0.00,0.00,1,19,1.00,0.00,1.00,0.16,0.00,0.00,0.00,0
276,6769,0,0,0,0,0,1,0,0,0,0,0,0,0,0,0,0,4,5,0.00,0.00,0.00,0.00,1.00,0.00,0.40,4,29,1.00,0.00,0.25,0.14,0.00,0.00,0.00,0
248,13369,0,0,0,0,0,1,0,0,0,0,0,0,0,0,0,0,1,1,0.00,0.00,0.00,0.00,1.00,0.00,0.00,14,39,1.00,0.00,0.07,0.10,0.00,0.00,0.00,0
177,17750,0,0,0,0,0,1,0,0,0,0,0,0,0,0,0,0,1,10,0.00,0.00,0.00,0.00,1.00,0.00,0.30,5,49,1.00,0.00,0.20,0.14,0.00,0.00,0.00,0
184,478,0,0,0,0,0,1,0,0,0,0,0,0,0,0,0,0,1,3,0.00,0.00,0.00,0.00,1.00,0.00,1.00,15,59,1.00,0.00,0.07,0.12,0.00,0.00,0.00,0
291,458,0,0,0,0,0,1,0,0,0,0,0,0,0,0,0,0,1,1,0.00,0.00,0.00,0.00,1.00,0.00,0.00,25,69,1.00,0.00,0.04,0.10,0.00,0.00,0.00,0
168,4555,0,0,0,0,0,1,0,0,0,0,0,0,0,0,0,0,1,1,0.00,0.00,0.00,0.00,1.00,0.00,0.00,1,79,1.00,0.00,1.00,0.11,0.00,0.00,0.00,0
204,3002,0,0,0,0,0,1,0,0,0,0,0,0,0,0,0,0,3,3,0.33,0.33,0.00,0.00,1.00,0.00,0.00,3,89,1.00,0.00,0.33,0.12,0.33,0.01,0.00,0
234,338,0,0,0,0,0,1,0,0,0,0,0,0,0,0,0,0,1,20,0.00,0.00,0.00,0.00,1.00,0.00,0.15,4,99,1.00,0.00,0.25,0.13,0.00,0.01,0.00,0
334,692,0,0,0,0,0,1,0,0,0,0,0,0,0,0,0,0,2,2,0.00,0.00,0.00,0.00,1.00,0.00,0.00,2,109,1.00,0.00,0.50,0.13,0.00,0.01,0.00,0
334,436,0,0,0,0,0,1,0,0,0,0,0,0,0,0,0,0,12,12,0.00,0.00,0.00,0.00,1.00,0.00,0.00,12,119,1.00,0.00,0.08,0.12,0.00,0.01,0.00,0
267,968,0,0,0,0,0,1,0,0,0,0,0,0,0,0,0,0,5,20,0.00,0.00,0.00,0.00,1.00,0.00,0.15,22,129,1.00,0.00,0.05,0.11,0.00,0.01,0.00,0
277,8707,0,0,0,0,0,1,0,0,0,0,0,0,0,0,0,0,2,5,0.00,0.00,0.00,0.00,1.00,0.00,0.60,32,139,1.00,0.00,0.03,0.10,0.00,0.01,0.00,0
265,968,0,0,0,0,0,1,0,0,0,0,0,0,0,0,0,0,5,5,0.00,0.00,0.00,0.00,1.00,0.00,0.00,42,149,1.00,0.00,0.05,0.09,0.00,0.01,0.00,0
265,10994,0,0,0,0,0,1,0,0,0,0,0,0,0,0,0,0,3,3,0.00,0.00,0.00,0.00,1.00,0.00,0.00,52,159,1.00,0.00,0.02,0.09,0.00,0.01,0.00,0
269,819,0,0,0,0,0,1,0,0,0,0,0,0,0,0,0,0,13,13,0.00,0.00,0.00,0.00,1.00,0.00,0.00,62,169,1.00,0.00,0.02,0.08,0.00,0.01,0.00,0
266,1660,0,0,0,0,0,1,0,0,0,0,0,0,0,0,0,0,3,3,0.00,0.00,0.00,0.00,1.00,0.00,0.00,72,179,1.00,0.00,0.01,0.08,0.00,0.01,0.00,0
335,638,0,0,0,0,0,1,0,0,0,0,0,0,0,0,0,0,1,1,0.00,0.00,0.00,0.00,1.00,0.00,0.00,82,189,1.00,0.00,0.01,0.07,0.00,0.01,0.00,0
343,837,0,0,0,0,0,1,0,0,0,0,0,0,0,0,0,0,11,11,0.00,0.00,0.00,0.00,1.00,0.00,0.00,92,199,1.00,0.00,0.01,0.07,0.00,0.01,0.00,0
337,1230,0,0,0,0,0,1,0,0,0,0,0,0,0,0,0,0,21,21,0.00,0.00,0.00,0.00,1.00,0.00,0.00,102,209,1.00,0.00,0.01,0.07,0.00,0.00,0.00,0
376,2710,0,0,0,0,0,1,0,0,0,0,0,0,0,0,0,0,3,3,0.00,0.00,0.00,0.00,1.00,0.00,0.00,112,219,1.00,0.00,0.01,0.06,0.00,0.00,0.00,0
289,7778,0,0,0,0,0,1,0,0,0,0,0,0,0,0,0,0,6,6,0.00,0.00,0.00,0.00,1.00,0.00,0.00,122,229,1.00,0.00,0.01,0.06,0.00,0.00,0.00,0
365,807,0,0,0,0,0,1,0,0,0,0,0,0,0,0,0,0,16,16,0.00,0.00,0.00,0.00,1.00,0.00,0.00,132,239,1.00,0.00,0.01,0.06,0.00,0.00,0.00,0
383,2610,0,0,0,0,0,1,0,0,0,0,0,0,0,0,0,0,5,5,0.00,0.00,0.00,0.00,1.00,0.00,0.00,142,249,1.00,0.00,0.01,0.06,0.00,0.00,0.00,0
390,7962,0,0,0,0,0,1,0,0,0,0,0,0,0,0,0,0,1,2,0.00,0.00,0.00,0.00,1.00,0.00,1.00,152,255,1.00,0.00,0.01,0.05,0.00,0.00,0.00,0
395,10095,0,0,0,0,0,1,0,0,0,0,0,0,0,0,0,0,11,12,0.00,0.00,0.00,0.00,1.00,0.00,0.17,162,255,1.00,0.00,0.01,0.05,0.00,0.00,0.00,0
360,518,0,0,0,0,0,1,0,0,0,0,0,0,0,0,0,0,9,9,0.00,0.00,0.00,0.00,1.00,0.00,0.00,172,255,1.00,0.00,0.01,0.05,0.00,0.00,0.00,0
359,1275,0,0,0,0,0,1,0,0,0,0,0,0,0,0,0,0,19,19,0.00,0.00,0.00,0.00,1.00,0.00,0.00,182,255,1.00,0.00,0.01,0.04,0.00,0.00,0.00,0
307,1314,0,0,0,0,0,1,0,0,0,0,0,0,0,0,0,0,8,8,0.00,0.00,0.00,0.00,1.00,0.00,0.00,192,255,1.00,0.00,0.01,0.03,0.00,0.00,0.00,0
306,1315,0,0,0,0,0,1,0,0,0,0,0,0,0,0,0,0,18,18,0.00,0.00,0.00,0.00,1.00,0.00,0.00,202,255,1.00,0.00,0.00,0.03,0.00,0.00,0.00,0
272,384,0,0,0,0,0,1,0,0,0,0,0,0,0,0,0,0,1,1,0.00,0.00,0.00,0.00,1.00,0.00,0.00,212,255,1.00,0.00,0.00,0.03,0.00,0.00,0.00,0
261,7778,0,0,0,0,0,1,0,0,0,0,0,0,0,0,0,0,3,3,0.00,0.00,0.00,0.00,1.00,0.00,0.00,222,255,1.00,0.00,0.00,0.03,0.00,0.00,0.00,0
334,638,0,0,0,0,0,1,0,0,0,0,0,0,0,0,0,0,13,13,0.00,0.00,0.00,0.00,1.00,0.00,0.00,232,255,1.00,0.00,0.00,0.02,0.00,0.00,0.00,0
355,1204,0,0,0,0,0,1,0,0,0,0,0,0,0,0,0,0,2,2,0.00,0.00,0.00,0.00,1.00,0.00,0.00,242,255,1.00,0.00,0.00,0.01,0.00,0.00,0.00,0
355,2610,0,0,0,0,0,1,0,0,0,0,0,0,0,0,0,0,12,12,0.00,0.00,0.00,0.00,1.00,0.00,0.00,252,255,1.00,0.00,0.00,0.01,0.00,0.00,0.00,0
364,3452,0,0,0,0,0,1,0,0,0,0,0,0,0,0,0,0,8,8,0.00,0.00,0.00,0.00,1.00,0.00,0.00,255,255,1.00,0.00,0.00,0.00,0.00,0.00,0.00,0
337,684,0,0,0,0,0,1,0,0,0,0,0,0,0,0,0,0,6,6,0.00,0.00,0.00,0.00,1.00,0.00,0.00,255,255,1.00,0.00,0.00,0.00,0.00,0.00,0.00,0
331,1275,0,0,0,0,0,1,0,0,0,0,0,0,0,0,0,0,16,16,0.00,0.00,0.00,0.00,1.00,0.00,0.00,255,255,1.00,0.00,0.00,0.00,0.00,0.00,0.00,0
233,1012,0,0,0,0,0,1,0,0,0,0,0,0,0,0,0,0,1,1,0.00,0.00,0.00,0.00,1.00,0.00,0.00,1,255,1.00,0.00,1.00,0.02,0.00,0.00,0.00,0
247,1695,0,0,0,0,0,1,0,0,0,0,0,0,0,0,0,0,1,15,0.00,0.00,0.00,0.00,1.00,0.00,0.13,11,255,1.00,0.00,0.09,0.02,0.00,0.00,0.00,0
235,2350,0,0,0,0,0,1,0,0,0,0,0,0,0,0,0,0,1,1,0.00,0.00,0.00,0.00,1.00,0.00,0.00,10,255,1.00,0.00,0.10,0.02,0.00,0.00,0.00,0
298,1433,0,0,0,0,0,1,0,0,0,0,0,0,0,0,0,0,5,5,0.00,0.00,0.00,0.00,1.00,0.00,0.00,5,255,1.00,0.00,0.20,0.03,0.00,0.00,0.00,0
211,2101,0,0,0,0,0,1,0,0,0,0,0,0,0,0,0,0,3,3,0.00,0.00,0.00,0.00,1.00,0.00,0.00,15,255,1.00,0.00,0.07,0.03,0.00,0.00,0.00,0
145,148,0,0,0,0,0,1,0,0,0,0,0,0,0,0,0,0,1,1,0.00,0.00,0.00,0.00,1.00,0.00,0.00,1,255,1.00,0.00,1.00,0.03,0.00,0.00,0.00,0
232,2155,0,0,0,0,0,1,0,0,0,0,0,0,0,0,0,0,11,11,0.00,0.00,0.00,0.00,1.00,0.00,0.00,11,255,1.00,0.00,0.09,0.03,0.00,0.00,0.00,0
223,5565,0,0,0,0,0,1,0,0,0,0,0,0,0,0,0,0,21,21,0.00,0.00,0.00,0.00,1.00,0.00,0.00,21,255,1.00,0.00,0.05,0.03,0.00,0.00,0.00,0
223,1294,0,0,0,0,0,1,0,0,0,0,0,0,0,0,0,0,8,8,0.00,0.00,0.00,0.00,1.00,0.00,0.00,8,255,1.00,0.00,0.12,0.04,0.00,0.00,0.00,0
221,9721,0,0,0,0,0,1,0,0,0,0,0,0,0,0,0,0,18,18,0.00,0.00,0.00,0.00,1.00,0.00,0.00,18,255,1.00,0.00,0.06,0.04,0.00,0.00,0.00,0
232,2866,0,0,0,0,0,1,0,0,0,0,0,0,0,0,0,0,6,6,0.00,0.00,0.00,0.00,1.00,0.00,0.00,28,255,1.00,0.00,0.04,0.04,0.00,0.00,0.00,0
234,1028,0,0,0,0,0,1,0,0,0,0,0,0,0,0,0,0,10,10,0.00,0.00,0.00,0.00,1.00,0.00,0.00,38,255,1.00,0.00,0.03,0.04,0.00,0.00,0.00,0
222,1275,0,0,0,0,0,1,0,0,0,0,0,0,0,0,0,0,20,20,0.00,0.00,0.00,0.00,1.00,0.00,0.00,48,255,1.00,0.00,0.02,0.04,0.00,0.00,0.00,0
183,7575,0,0,0,0,0,1,0,0,0,0,0,0,0,0,0,0,2,2,0.00,0.00,0.00,0.00,1.00,0.00,0.00,58,255,1.00,0.00,0.02,0.04,0.00,0.00,0.00,0
213,713,0,0,0,0,0,1,0,0,0,0,0,0,0,0,0,0,3,3,0.00,0.00,0.00,0.00,1.00,0.00,0.00,3,255,1.00,0.00,0.33,0.04,0.00,0.00,0.00,0
208,3284,0,0,0,0,0,1,0,0,0,0,0,0,0,0,0,0,13,13,0.00,0.00,0.00,0.00,1.00,0.00,0.00,13,255,1.00,0.00,0.08,0.04,0.00,0.00,0.00,0
214,913,0,0,0,0,0,1,0,0,0,0,0,0,0,0,0,0,23,23,0.00,0.00,0.00,0.00,1.00,0.00,0.00,23,255,1.00,0.00,0.04,0.04,0.00,0.00,0.00,0
344,905,0,0,0,0,0,1,0,0,0,0,0,0,0,0,0,0,9,11,0.00,0.00,0.00,0.00,1.00,0.00,0.18,9,255,1.00,0.00,0.11,0.04,0.00,0.00,0.00,0
194,16977,0,0,0,0,0,1,0,0,0,0,0,0,0,0,0,0,1,2,0.00,0.00,0.00,0.00,1.00,0.00,1.00,19,255,1.00,0.00,0.05,0.04,0.00,0.00,0.00,0
267,935,0,0,0,0,0,1,0,0,0,0,0,0,0,0,0,0,11,12,0.00,0.00,0.00,0.00,1.00,0.00,0.17,29,255,1.00,0.00,0.03,0.04,0.00,0.00,0.00,0
201,5949,0,0,0,0,0,1,0,0,0,0,0,0,0,0,0,0,3,3,0.00,0.00,0.00,0.00,1.00,0.00,0.00,3,255,1.00,0.00,0.33,0.05,0.00,0.00,0.00,0
194,47084,0,0,0,0,0,1,0,0,0,0,0,0,0,0,0,0,2,2,0.00,0.00,0.00,0.00,1.00,0.00,0.00,2,255,1.00,0.00,0.50,0.05,0.00,0.00,0.00,0
160,3003,0,0,0,0,0,1,0,0,0,0,0,0,0,0,0,0,1,1,0.00,0.00,0.00,0.00,1.00,0.00,0.00,12,255,1.00,0.00,0.08,0.05,0.00,0.00,0.00,0
290,487,0,0,0,0,0,1,0,0,0,0,0,0,0,0,0,0,4,6,0.00,0.00,0.00,0.00,1.00,0.00,0.50,22,255,1.00,0.00,0.05,0.05,0.00,0.00,0.00,0
319,6303,0,0,0,0,0,1,0,0,0,0,0,0,0,0,0,0,1,4,0.00,0.00,0.00,0.00,1.00,0.00,0.50,4,255,1.00,0.00,0.25,0.06,0.00,0.00,0.00,0
213,472,0,0,0,0,0,1,0,0,0,0,0,0,0,0,0,0,1,2,0.00,0.00,0.00,0.00,1.00,0.00,1.00,4,255,1.00,0.00,0.25,0.06,0.00,0.00,0.00,0
211,566,0,0,0,0,0,1,0,0,0,0,0,0,0,0,0,0,3,4,0.00,0.00,0.00,0.00,1.00,0.00,0.50,14,255,1.00,0.00,0.07,0.05,0.00,0.00,0.00,0
213,472,0,0,0,0,0,1,0,0,0,0,0,0,0,0,0,0,4,7,0.00,0.00,0.00,0.00,1.00,0.00,0.57,24,255,1.00,0.00,0.04,0.05,0.00,0.00,0.00,0
226,16435,0,0,0,0,0,1,0,0,0,0,0,0,0,0,0,0,2,2,0.00,0.00,0.00,0.00,1.00,0.00,0.00,2,255,1.00,0.00,0.50,0.04,0.00,0.00,0.00,0
229,1481,0,0,0,0,0,1,0,0,0,0,0,0,0,0,0,0,5,5,0.00,0.00,0.00,0.00,1.00,0.00,0.00,12,255,1.00,0.00,0.08,0.04,0.00,0.00,0.00,0
249,4241,0,0,0,0,0,1,0,0,0,0,0,0,0,0,0,0,1,1,0.00,0.00,0.00,0.00,1.00,0.00,0.00,22,255,1.00,0.00,0.05,0.04,0.00,0.00,0.00,0
232,15768,0,0,0,0,0,1,0,0,0,0,0,0,0,0,0,0,1,1,0.00,0.00,0.00,0.00,1.00,0.00,0.00,4,255,1.00,0.00,0.25,0.04,0.00,0.00,0.00,0
153,141,0,0,0,0,0,1,0,0,0,0,0,0,0,0,0,0,1,1,0.00,0.00,0.00,0.00,1.00,0.00,0.00,1,255,1.00,0.00,1.00,0.05,0.00,0.00,0.00,0
233,3051,0,0,0,0,0,1,0,0,0,0,0,0,0,0,0,0,9,9,0.00,0.00,0.00,0.00,1.00,0.00,0.00,9,255,1.00,0.00,0.11,0.05,0.00,0.00,0.00,0
248,1699,0,0,0,0,0,1,0,0,0,0,0,0,0,0,0,0,1,2,0.00,0.00,0.00,0.00,1.00,0.00,1.00,2,255,1.00,0.00,0.50,0.06,0.00,0.00,0.00,0
334,2084,0,0,0,0,0,1,0,0,0,0,0,0,0,0,0,0,1,2,0.00,0.00,0.00,0.00,1.00,0.00,1.00,3,255,1.00,0.00,0.33,0.07,0.00,0.00,0.00,0
339,1436,0,0,0,0,0,1,0,0,0,0,0,0,0,0,0,0,1,1,0.00,0.00,0.00,0.00,1.00,0.00,0.00,9,255,1.00,0.00,0.11,0.07,0.00,0.00,0.00,0
212,8008,0,0,0,0,0,1,0,0,0,0,0,0,0,0,0,0,9,9,0.00,0.00,0.00,0.00,1.00,0.00,0.00,9,255,1.00,0.00,0.11,0.07,0.00,0.00,0.00,0
218,423,0,0,0,0,0,1,0,0,0,0,0,0,0,0,0,0,9,9,0.00,0.00,0.00,0.00,1.00,0.00,0.00,19,255,1.00,0.00,0.05,0.07,0.00,0.00,0.00,0
246,2625,0,0,0,0,0,1,0,0,0,0,0,0,0,0,0,0,1,1,0.00,0.00,0.00,0.00,1.00,0.00,0.00,29,255,1.00,0.00,0.03,0.07,0.00,0.00,0.00,0
244,1850,0,0,0,0,0,1,0,0,0,0,0,0,0,0,0,0,11,11,0.00,0.00,0.00,0.00,1.00,0.00,0.00,39,255,1.00,0.00,0.03,0.07,0.00,0.00,0.00,0
225,3783,0,0,0,0,0,1,0,0,0,0,0,0,0,0,0,0,3,3,0.00,0.00,0.00,0.00,1.00,0.00,0.00,49,255,1.00,0.00,0.02,0.07,0.00,0.00,0.00,0
248,855,0,0,0,0,0,1,0,0,0,0,0,0,0,0,0,0,1,1,0.00,0.00,0.00,0.00,1.00,0.00,0.00,59,255,1.00,0.00,0.02,0.07,0.00,0.00,0.00,0
246,3318,0,0,0,0,0,1,0,0,0,0,0,0,0,0,0,0,11,11,0.00,0.00,0.00,0.00,1.00,0.00,0.00,69,255,1.00,0.00,0.01,0.07,0.00,0.00,0.00,0
227,1850,0,0,0,0,0,1,0,0,0,0,0,0,0,0,0,0,3,3,0.00,0.00,0.00,0.00,1.00,0.00,0.00,79,255,1.00,0.00,0.01,0.07,0.00,0.00,0.00,0
161,8762,0,0,0,0,0,1,0,0,0,0,0,0,0,0,0,0,1,1,0.00,0.00,0.00,0.00,1.00,0.00,0.00,1,255,1.00,0.00,1.00,0.07,0.00,0.00,0.00,0
204,11724,0,0,0,0,0,1,0,0,0,0,0,0,0,0,0,0,11,11,0.00,0.00,0.00,0.00,1.00,0.00,0.00,11,255,1.00,0.00,0.09,0.07,0.00,0.00,0.00,0
212,776,0,0,0,0,0,1,0,0,0,0,0,0,0,0,0,0,3,3,0.00,0.00,0.00,0.00,1.00,0.00,0.00,21,255,1.00,0.00,0.05,0.06,0.00,0.00,0.00,0
164,805,0,0,0,0,0,1,0,0,0,0,0,0,0,0,0,0,1,1,0.00,0.00,0.00,0.00,1.00,0.00,0.00,1,255,1.00,0.00,1.00,0.06,0.00,0.00,0.00,0
195,12863,0,0,0,0,0,1,0,0,0,0,0,0,0,0,0,0,2,19,0.00,0.00,0.00,0.00,1.00,0.00,0.11,8,255,1.00,0.00,0.12,0.07,0.00,0.00,0.00,0
195,312,0,0,0,0,0,1,0,0,0,0,0,0,0,0,0,0,2,11,0.00,0.00,0.00,0.00,1.00,0.00,0.18,18,255,1.00,0.00,0.06,0.06,0.00,0.00,0.00,0
286,22698,0,0,0,0,0,1,0,0,0,0,0,0,0,0,0,0,2,16,0.00,0.00,0.00,0.00,1.00,0.00,0.19,2,255,1.00,0.00,0.50,0.07,0.00,0.00,0.00,0
144,4141,0,0,0,0,0,1,0,0,0,0,0,0,0,0,0,0,2,2,0.00,0.00,0.00,0.00,1.00,0.00,0.00,2,255,1.00,0.00,0.50,0.07,0.00,0.00,0.00,0
203,39751,0,0,0,0,0,1,0,0,0,0,0,0,0,0,0,0,2,3,0.00,0.00,0.00,0.00,1.00,0.00,0.67,12,255,1.00,0.00,0.08,0.07,0.00,0.00,0.00,0
221,1772,0,0,0,0,0,1,0,0,0,0,0,0,0,0,0,0,2,5,0.00,0.00,0.00,0.00,1.00,0.00,0.40,22,255,1.00,0.00,0.05,0.07,0.00,0.00,0.00,0
165,8680,0,0,0,0,0,1,0,0,0,0,0,0,0,0,0,0,12,20,0.00,0.00,0.00,0.00,1.00,0.00,0.20,32,255,1.00,0.00,0.03,0.07,0.00,0.00,0.00,0
235,7605,0,0,0,0,0,1,0,0,0,0,0,0,0,0,0,0,8,8,0.00,0.00,0.00,0.00,1.00,0.00,0.00,42,255,1.00,0.00,0.02,0.07,0.00,0.00,0.00,0
201,4826,0,0,0,0,0,1,0,0,0,0,0,0,0,0,0,0,7,10,0.00,0.00,0.00,0.00,1.00,0.00,0.30,52,255,1.00,0.00,0.02,0.06,0.00,0.00,0.00,0
219,2625,0,0,0,0,0,1,0,0,0,0,0,0,0,0,0,0,7,7,0.00,0.00,0.00,0.00,1.00,0.00,0.00,62,255,1.00,0.00,0.02,0.05,0.00,0.00,0.00,0
205,248,0,0,0,0,0,1,0,0,0,0,0,0,0,0,0,0,9,17,0.00,0.00,0.00,0.00,1.00,0.00,0.12,72,255,1.00,0.00,0.01,0.05,0.00,0.00,0.00,0
191,3018,0,0,0,0,0,1,0,0,0,0,0,0,0,0,0,0,9,9,0.00,0.00,0.00,0.00,1.00,0.00,0.00,82,255,1.00,0.00,0.01,0.04,0.00,0.00,0.00,0
197,253,0,0,0,0,0,1,0,0,0,0,0,0,0,0,0,0,9,13,0.00,0.00,0.00,0.00,1.00,0.00,0.23,92,255,1.00,0.00,0.01,0.03,0.00,0.00,0.00,0
207,2625,0,0,0,0,0,1,0,0,0,0,0,0,0,0,0,0,9,9,0.00,0.00,0.00,0.00,1.00,0.00,0.00,102,255,1.00,0.00,0.01,0.03,0.00,0.00,0.00,0
198,2129,0,0,0,0,0,1,0,0,0,0,0,0,0,0,0,0,6,20,0.00,0.00,0.00,0.00,1.00,0.00,0.10,112,255,1.00,0.00,0.01,0.03,0.00,0.00,0.00,0
230,264,0,0,0,0,0,1,0,0,0,0,0,0,0,0,0,0,1,3,0.00,0.00,0.00,0.00,1.00,0.00,0.67,6,255,1.00,0.00,0.17,0.03,0.00,0.00,0.00,0
262,4815,0,0,0,0,0,1,0,0,0,0,0,0,0,0,0,0,1,2,0.00,0.00,0.00,0.00,1.00,0.00,1.00,16,255,1.00,0.00,0.06,0.03,0.00,0.00,0.00,0
341,745,0,0,0,0,0,1,0,0,0,0,0,0,0,0,0,0,4,9,0.00,0.00,0.00,0.00,1.00,0.00,0.33,26,255,1.00,0.00,0.04,0.03,0.00,0.00,0.00,0
360,5864,0,0,0,0,0,1,0,0,0,0,0,0,0,0,0,0,1,23,0.00,0.00,0.00,0.00,1.00,0.00,0.13,36,255,1.00,0.00,0.03,0.03,0.00,0.00,0.00,0
355,262,0,0,0,0,0,1,0,0,0,0,0,0,0,0,0,0,1,1,0.00,0.00,0.00,0.00,1.00,0.00,0.00,46,255,1.00,0.00,0.02,0.03,0.00,0.00,0.00,0
363,4815,0,0,0,0,0,1,0,0,0,0,0,0,0,0,0,0,2,2,0.00,0.00,0.00,0.00,1.00,0.00,0.00,56,255,1.00,0.00,0.02,0.03,0.00,0.00,0.00,0
341,745,0,0,0,0,0,1,0,0,0,0,0,0,0,0,0,0,2,5,0.00,0.00,0.00,0.00,1.00,0.00,0.40,66,255,1.00,0.00,0.02,0.03,0.00,0.00,0.00,0
339,1588,0,0,0,0,0,1,0,0,0,0,0,0,0,0,0,0,4,11,0.00,0.00,0.00,0.00,1.00,0.00,0.27,76,255,1.00,0.00,0.01,0.03,0.00,0.00,0.00,0
253,1588,0,0,0,0,0,1,0,0,0,0,0,0,0,0,0,0,4,8,0.00,0.00,0.00,0.00,1.00,0.00,0.25,86,255,1.00,0.00,0.01,0.03,0.00,0.00,0.00,0
270,745,0,0,0,0,0,1,0,0,0,0,0,0,0,0,0,0,2,5,0.00,0.00,0.00,0.00,1.00,0.00,0.40,96,255,1.00,0.00,0.01,0.03,0.00,0.00,0.00,0
360,5864,0,0,0,0,0,1,0,0,0,0,0,0,0,0,0,0,2,26,0.00,0.00,0.00,0.00,1.00,0.00,0.12,106,255,1.00,0.00,0.01,0.02,0.00,0.00,0.00,0
269,1588,0,0,0,0,0,1,0,0,0,0,0,0,0,0,0,0,3,6,0.00,0.00,0.00,0.00,1.00,0.00,0.33,116,255,1.00,0.00,0.01,0.02,0.00,0.00,0.00,0
212,170,0,0,0,0,0,1,0,0,0,0,0,0,0,0,0,0,2,3,0.00,0.00,0.00,0.00,1.00,0.00,0.67,126,255,1.00,0.00,0.01,0.02,0.00,0.00,0.00,0
217,1143,0,0,0,0,0,1,0,0,0,0,0,0,0,0,0,0,4,4,0.00,0.00,0.00,0.00,1.00,0.00,0.00,4,255,1.00,0.00,0.25,0.02,0.00,0.00,0.00,0
225,6997,0,0,0,0,0,1,0,0,0,0,0,0,0,0,0,0,14,14,0.00,0.00,0.00,0.00,1.00,0.00,0.00,14,255,1.00,0.00,0.07,0.01,0.00,0.00,0.00,0
245,1178,0,0,0,0,0,1,0,0,0,0,0,0,0,0,0,0,5,21,0.00,0.00,0.00,0.00,1.00,0.00,0.10,24,255,1.00,0.00,0.04,0.01,0.00,0.00,0.00,0
155,9484,0,0,0,0,0,1,0,0,0,0,0,0,0,0,0,0,1,1,0.00,0.00,0.00,0.00,1.00,0.00,0.00,34,255,1.00,0.00,0.03,0.01,0.00,0.00,0.00,0
221,1178,0,0,0,0,0,1,0,0,0,0,0,0,0,0,0,0,11,11,0.00,0.00,0.00,0.00,1.00,0.00,0.00,44,255,1.00,0.00,0.02,0.01,0.00,0.00,0.00,0
235,299,0,0,0,0,0,1,0,0,0,0,0,0,0,0,0,0,2,2,0.00,0.00,0.00,0.00,1.00,0.00,0.00,54,255,1.00,0.00,0.02,0.01,0.00,0.00,0.00,0
243,1297,0,0,0,0,0,1,0,0,0,0,0,0,0,0,0,0,12,12,0.00,0.00,0.00,0.00,1.00,0.00,0.00,64,255,1.00,0.00,0.02,0.01,0.00,0.00,0.00,0
203,1492,0,0,0,0,0,1,0,0,0,0,0,0,0,0,0,0,8,12,0.00,0.00,0.00,0.00,1.00,0.00,0.17,8,255,1.00,0.00,0.12,0.02,0.00,0.00,0.00,0
209,5260,0,0,0,0,0,1,0,0,0,0,0,0,0,0,0,0,10,10,0.00,0.00,0.00,0.00,1.00,0.00,0.00,18,255,1.00,0.00,0.06,0.02,0.00,0.00,0.00,0
207,2483,0,0,0,0,0,1,0,0,0,0,0,0,0,0,0,0,20,20,0.00,0.00,0.00,0.00,1.00,0.00,0.00,28,255,1.00,0.00,0.04,0.02,0.00,0.00,0.00,0
211,4073,0,0,0,0,0,1,0,0,0,0,0,0,0,0,0,0,2,3,0.00,0.00,0.00,0.00,1.00,0.00,0.67,38,255,1.00,0.00,0.03,0.02,0.00,0.00,0.00,0
216,2870,0,0,0,0,0,1,0,0,0,0,0,0,0,0,0,0,4,14,0.00,0.00,0.00,0.00,1.00,0.00,0.29,48,255,1.00,0.00,0.02,0.02,0.00,0.00,0.00,0
210,24924,0,0,0,0,0,1,0,0,0,0,0,0,0,0,0,0,14,24,0.00,0.00,0.00,0.00,1.00,0.00,0.17,58,255,1.00,0.00,0.02,0.01,0.00,0.00,0.00,0
199,7504,0,0,0,0,0,1,0,0,0,0,0,0,0,0,0,0,24,26,0.00,0.00,0.00,0.00,1.00,0.00,0.08,68,255,1.00,0.00,0.01,0.01,0.00,0.00,0.00,0
214,1492,0,0,0,0,0,1,0,0,0,0,0,0,0,0,0,0,7,7,0.00,0.00,0.00,0.00,1.00,0.00,0.00,78,255,1.00,0.00,0.01,0.01,0.00,0.00,0.00,0
228,1404,0,0,0,0,0,1,0,0,0,0,0,0,0,0,0,0,17,17,0.00,0.00,0.00,0.00,1.00,0.00,0.00,88,255,1.00,0.00,0.01,0.01,0.00,0.00,0.00,0
218,2816,0,0,0,0,0,1,0,0,0,0,0,0,0,0,0,0,27,27,0.00,0.00,0.00,0.00,1.00,0.00,0.00,98,255,1.00,0.00,0.01,0.01,0.00,0.00,0.00,0
210,667,0,0,0,0,0,1,0,0,0,0,0,0,0,0,0,0,9,12,0.00,0.00,0.00,0.00,1.00,0.00,0.17,108,255,1.00,0.00,0.01,0.01,0.00,0.00,0.00,0
202,2834,0,0,0,0,0,1,0,0,0,0,0,0,0,0,0,0,9,10,0.00,0.00,0.00,0.00,1.00,0.00,0.20,118,255,1.00,0.00,0.01,0.01,0.00,0.00,0.00,0
206,5380,0,0,0,0,0,1,0,0,0,0,0,0,0,0,0,0,19,21,0.00,0.00,0.00,0.00,1.00,0.00,0.10,128,255,1.00,0.00,0.01,0.01,0.00,0.00,0.00,0
209,1061,0,0,0,0,0,1,0,0,0,0,0,0,0,0,0,0,2,3,0.00,0.00,0.00,0.00,1.00,0.00,0.67,138,255,1.00,0.00,0.01,0.01,0.00,0.00,0.00,0
205,21953,0,0,0,0,0,1,0,0,0,0,0,0,0,0,0,0,4,9,0.00,0.00,0.00,0.00,1.00,0.00,0.22,148,255,1.00,0.00,0.01,0.01,0.00,0.00,0.00,0
203,2816,0,0,0,0,0,1,0,0,0,0,0,0,0,0,0,0,14,19,0.00,0.00,0.00,0.00,1.00,0.00,0.11,158,255,1.00,0.00,0.01,0.01,0.00,0.00,0.00,0
205,2486,0,0,0,0,0,1,0,0,0,0,0,0,0,0,0,0,24,29,0.00,0.00,0.00,0.00,1.00,0.00,0.07,168,255,1.00,0.00,0.01,0.01,0.00,0.00,0.00,0
235,1492,0,0,0,0,0,1,0,0,0,0,0,0,0,0,0,0,7,7,0.00,0.00,0.00,0.00,1.00,0.00,0.00,178,255,1.00,0.00,0.01,0.01,0.00,0.00,0.00,0
216,5260,0,0,0,0,0,1,0,0,0,0,0,0,0,0,0,0,6,6,0.00,0.00,0.00,0.00,1.00,0.00,0.00,188,255,1.00,0.00,0.01,0.01,0.00,0.00,0.00,0
214,2483,0,0,0,0,0,1,0,0,0,0,0,0,0,0,0,0,16,16,0.00,0.00,0.00,0.00,1.00,0.00,0.00,198,255,1.00,0.00,0.01,0.01,0.00,0.00,0.00,0
216,753,0,0,0,0,0,1,0,0,0,0,0,0,0,0,0,0,26,26,0.00,0.00,0.00,0.00,1.00,0.00,0.00,208,255,1.00,0.00,0.00,0.01,0.00,0.00,0.00,0
222,664,0,0,0,0,0,1,0,0,0,0,0,0,0,0,0,0,8,8,0.00,0.00,0.00,0.00,1.00,0.00,0.00,218,255,1.00,0.00,0.00,0.01,0.00,0.00,0.00,0
179,15693,0,0,0,0,0,1,0,0,0,0,0,0,0,0,0,0,16,18,0.00,0.00,0.00,0.00,1.00,0.00,0.11,228,255,1.00,0.00,0.00,0.01,0.00,0.00,0.00,0
232,693,0,0,0,0,0,1,0,0,0,0,0,0,0,0,0,0,10,10,0.00,0.00,0.00,0.00,1.00,0.00,0.00,238,255,1.00,0.00,0.00,0.01,0.00,0.00,0.00,0
233,27576,0,0,0,0,0,1,0,0,0,0,0,0,0,0,0,0,2,2,0.00,0.00,0.00,0.00,1.00,0.00,0.00,248,255,1.00,0.00,0.00,0.01,0.00,0.00,0.00,0
290,1745,0,0,0,0,0,1,0,0,0,0,0,0,0,0,0,0,12,12,0.00,0.00,0.00,0.00,1.00,0.00,0.00,255,255,1.00,0.00,0.00,0.00,0.00,0.00,0.00,0
297,2913,0,0,0,0,0,1,0,0,0,0,0,0,0,0,0,0,22,22,0.00,0.00,0.00,0.00,1.00,0.00,0.00,255,255,1.00,0.00,0.00,0.00,0.00,0.00,0.00,0
306,280,0,0,0,0,0,1,0,0,0,0,0,0,0,0,0,0,4,4,0.00,0.00,0.00,0.00,1.00,0.00,0.00,255,255,1.00,0.00,0.00,0.00,0.00,0.00,0.00,0
218,2662,0,0,0,0,0,1,0,0,0,0,0,0,0,0,0,0,4,20,0.00,0.00,0.00,0.00,1.00,0.00,0.15,255,255,1.00,0.00,0.00,0.00,0.00,0.00,0.00,0
218,2648,0,0,0,0,0,1,0,0,0,0,0,0,0,0,0,0,14,33,0.00,0.00,0.00,0.00,1.00,0.00,0.09,255,255,1.00,0.00,0.00,0.00,0.00,0.00,0.00,0
208,7384,0,0,0,0,0,1,0,0,0,0,0,0,0,0,0,0,24,43,0.00,0.00,0.00,0.00,1.00,0.00,0.07,255,255,1.00,0.00,0.00,0.00,0.00,0.00,0.00,0
246,454,0,0,0,0,0,1,0,0,0,0,0,0,0,0,0,0,6,6,0.00,0.00,0.00,0.00,1.00,0.00,0.00,255,255,1.00,0.00,0.00,0.00,0.00,0.00,0.00,0
213,2427,0,0,0,0,0,1,0,0,0,0,0,0,0,0,0,0,5,7,0.00,0.00,0.00,0.00,1.00,0.00,0.29,255,255,1.00,0.00,0.00,0.00,0.00,0.00,0.00,0
212,21953,0,0,0,0,0,1,0,0,0,0,0,0,0,0,0,0,5,20,0.00,0.00,0.00,0.00,1.00,0.00,0.10,255,255,1.00,0.00,0.00,0.00,0.00,0.00,0.00,0
210,2816,0,0,0,0,0,1,0,0,0,0,0,0,0,0,0,0,15,30,0.00,0.00,0.00,0.00,1.00,0.00,0.07,255,255,1.00,0.00,0.00,0.00,0.00,0.00,0.00,0
212,2486,0,0,0,0,0,1,0,0,0,0,0,0,0,0,0,0,25,40,0.00,0.00,0.00,0.00,1.00,0.00,0.05,255,255,1.00,0.00,0.00,0.00,0.00,0.00,0.00,0
217,280,0,0,0,0,0,1,0,0,0,0,0,0,0,0,0,0,7,7,0.00,0.00,0.00,0.00,1.00,0.00,0.00,255,255,1.00,0.00,0.00,0.00,0.00,0.00,0.00,0
223,2088,0,0,0,0,0,1,0,0,0,0,0,0,0,0,0,0,17,17,0.00,0.00,0.00,0.00,1.00,0.00,0.00,255,255,1.00,0.00,0.00,0.00,0.00,0.00,0.00,0
290,1745,0,0,0,0,0,1,0,0,0,0,0,0,0,0,0,0,10,11,0.00,0.00,0.00,0.00,1.00,0.00,0.18,255,255,1.00,0.00,0.00,0.00,0.00,0.00,0.00,0
297,2913,0,0,0,0,0,1,0,0,0,0,0,0,0,0,0,0,20,20,0.00,0.00,0.00,0.00,1.00,0.00,0.00,255,255,1.00,0.00,0.00,0.00,0.00,0.00,0.00,0
295,2649,0,0,0,0,0,1,0,0,0,0,0,0,0,0,0,0,2,12,0.00,0.00,0.00,0.00,1.00,0.00,0.17,255,255,1.00,0.00,0.00,0.00,0.00,0.00,0.00,0
299,1404,0,0,0,0,0,1,0,0,0,0,0,0,0,0,0,0,12,24,0.00,0.00,0.00,0.00,1.00,0.00,0.08,255,255,1.00,0.00,0.00,0.00,0.00,0.00,0.00,0
291,2486,0,0,0,0,0,1,0,0,0,0,0,0,0,0,0,0,22,34,0.00,0.00,0.00,0.00,1.00,0.00,0.06,255,255,1.00,0.00,0.01,0.00,0.00,0.00,0.00,0
322,454,0,0,0,0,0,1,0,0,0,0,0,0,0,0,0,0,4,21,0.00,0.00,0.00,0.00,1.00,0.00,0.10,255,255,1.00,0.00,0.00,0.00,0.00,0.00,0.00,0
304,667,0,0,0,0,0,1,0,0,0,0,0,0,0,0,0,0,2,2,0.00,0.00,0.00,0.00,1.00,0.00,0.00,255,255,1.00,0.00,0.00,0.00,0.00,0.00,0.00,0
301,280,0,0,0,0,0,1,0,0,0,0,0,0,0,0,0,0,12,12,0.00,0.00,0.00,0.00,1.00,0.00,0.00,255,255,1.00,0.00,0.00,0.00,0.00,0.00,0.00,0
371,681,0,0,0,0,0,1,0,0,0,0,0,0,0,0,0,0,10,10,0.00,0.00,0.00,0.00,1.00,0.00,0.00,255,255,1.00,0.00,0.00,0.00,0.00,0.00,0.00,0
229,8487,0,0,0,0,0,1,0,0,0,0,0,0,0,0,0,0,7,7,0.00,0.00,0.00,0.00,1.00,0.00,0.00,255,255,1.00,0.00,0.00,0.00,0.00,0.00,0.00,0
224,2649,0,0,0,0,0,1,0,0,0,0,0,0,0,0,0,0,17,17,0.00,0.00,0.00,0.00,1.00,0.00,0.00,255,255,1.00,0.00,0.01,0.00,0.00,0.00,0.00,0
224,753,0,0,0,0,0,1,0,0,0,0,0,0,0,0,0,0,27,27,0.00,0.00,0.00,0.00,1.00,0.00,0.00,255,255,1.00,0.00,0.00,0.00,0.00,0.00,0.00,0
219,2808,0,0,0,0,0,1,0,0,0,0,0,0,0,0,0,0,9,18,0.00,0.00,0.00,0.00,1.00,0.00,0.11,255,255,1.00,0.00,0.00,0.00,0.00,0.00,0.00,0
218,454,0,0,0,0,0,1,0,0,0,0,0,0,0,0,0,0,19,19,0.00,0.00,0.00,0.00,1.00,0.00,0.00,255,255,1.00,0.00,0.00,0.00,0.00,0.00,0.00,0
293,21953,0,0,0,0,0,1,0,0,0,0,0,0,0,0,0,0,1,1,0.00,0.00,0.00,0.00,1.00,0.00,0.00,255,255,1.00,0.00,0.00,0.00,0.00,0.00,0.00,0
306,2750,0,0,0,0,0,1,0,0,0,0,0,0,0,0,0,0,11,11,0.00,0.00,0.00,0.00,1.00,0.00,0.00,255,255,1.00,0.00,0.00,0.00,0.00,0.00,0.00,0
297,2649,0,0,0,0,0,1,0,0,0,0,0,0,0,0,0,0,21,21,0.00,0.00,0.00,0.00,1.00,0.00,0.00,255,255,1.00,0.00,0.00,0.00,0.00,0.00,0.00,0
199,671,0,0,0,0,0,1,0,0,0,0,0,0,0,0,0,0,2,6,0.00,0.00,0.00,0.00,1.00,0.00,0.50,255,255,1.00,0.00,0.00,0.00,0.00,0.00,0.00,0
201,280,0,0,0,0,0,1,0,0,0,0,0,0,0,0,0,0,12,16,0.00,0.00,0.00,0.00,1.00,0.00,0.19,255,255,1.00,0.00,0.00,0.00,0.00,0.00,0.00,0
209,5260,0,0,0,0,0,1,0,0,0,0,0,0,0,0,0,0,22,26,0.00,0.00,0.00,0.00,1.00,0.00,0.12,255,255,1.00,0.00,0.00,0.00,0.00,0.00,0.00,0
203,2808,0,0,0,0,0,1,0,0,0,0,0,0,0,0,0,0,5,5,0.00,0.00,0.00,0.00,1.00,0.00,0.00,255,255,1.00,0.00,0.00,0.00,0.00,0.00,0.00,0
202,454,0,0,0,0,0,1,0,0,0,0,0,0,0,0,0,0,15,15,0.00,0.00,0.00,0.00,1.00,0.00,0.00,255,255,1.00,0.00,0.00,0.00,0.00,0.00,0.00,0
208,753,0,0,0,0,0,1,0,0,0,0,0,0,0,0,0,0,25,25,0.00,0.00,0.00,0.00,1.00,0.00,0.00,255,255,1.00,0.00,0.00,0.00,0.00,0.00,0.00,0
237,3588,0,0,0,0,0,1,0,0,0,0,0,0,0,0,0,0,7,7,0.00,0.00,0.00,0.00,1.00,0.00,0.00,255,255,1.00,0.00,0.00,0.00,0.00,0.00,0.00,0
216,454,0,0,0,0,0,1,0,0,0,0,0,0,0,0,0,0,5,16,0.00,0.00,0.00,0.00,1.00,0.00,0.19,255,255,1.00,0.00,0.00,0.00,0.00,0.00,0.00,0
220,1765,0,0,0,0,0,1,0,0,0,0,0,0,0,0,0,0,3,3,0.00,0.00,0.00,0.00,1.00,0.00,0.00,255,255,1.00,0.00,0.00,0.00,0.00,0.00,0.00,0
218,1809,0,0,0,0,0,1,0,0,0,0,0,0,0,0,0,0,13,13,0.00,0.00,0.00,0.00,1.00,0.00,0.00,255,255,1.00,0.00,0.00,0.00,0.00,0.00,0.00,0
298,454,0,0,0,0,0,1,0,0,0,0,0,0,0,0,0,0,10,36,0.00,0.00,0.00,0.00,1.00,0.00,0.08,255,255,1.00,0.00,0.00,0.00,0.00,0.00,0.00,0
288,1865,0,0,0,0,0,1,0,0,0,0,0,0,0,0,0,0,7,7,0.00,0.00,0.00,0.00,1.00,0.00,0.00,255,255,1.00,0.00,0.00,0.00,0.00,0.00,0.00,0
295,2914,0,0,0,0,0,1,0,0,0,0,0,0,0,0,0,0,17,19,0.00,0.00,0.00,0.00,1.00,0.00,0.11,255,255,1.00,0.00,0.00,0.00,0.00,0.00,0.00,0
297,4073,0,0,0,0,0,1,0,0,0,0,0,0,0,0,0,0,3,4,0.00,0.00,0.00,0.00,1.00,0.00,0.50,255,255,1.00,0.00,0.00,0.00,0.00,0.00,0.00,0
213,2545,0,0,0,0,0,1,0,0,0,0,0,0,0,0,0,0,6,10,0.00,0.00,0.00,0.00,1.00,0.00,0.30,255,255,1.00,0.00,0.00,0.00,0.00,0.00,0.00,0
242,1464,0,0,0,0,0,1,0,0,0,0,0,0,0,0,0,0,6,6,0.00,0.00,0.00,0.00,1.00,0.00,0.00,255,255,1.00,0.00,0.00,0.00,0.00,0.00,0.00,0
199,671,0,0,0,0,0,1,0,0,0,0,0,0,0,0,0,0,7,7,0.00,0.00,0.00,0.00,1.00,0.00,0.00,255,255,1.00,0.00,0.00,0.00,0.00,0.00,0.00,0
207,2483,0,0,0,0,0,1,0,0,0,0,0,0,0,0,0,0,16,16,0.00,0.00,0.00,0.00,1.00,0.00,0.00,255,255,1.00,0.00,0.00,0.00,0.00,0.00,0.00,0
209,5260,0,0,0,0,0,1,0,0,0,0,0,0,0,0,0,0,25,25,0.00,0.00,0.00,0.00,1.00,0.00,0.00,255,255,1.00,0.00,0.00,0.00,0.00,0.00,0.00,0
296,667,0,0,0,0,0,1,0,0,0,0,0,0,0,0,0,0,7,14,0.00,0.00,0.00,0.00,1.00,0.00,0.21,255,255,1.00,0.00,0.00,0.00,0.00,0.00,0.00,0
210,2402,0,0,0,0,0,1,0,0,0,0,0,0,0,0,0,0,9,9,0.00,0.00,0.00,0.00,1.00,0.00,0.00,255,255,1.00,0.00,0.00,0.00,0.00,0.00,0.00,0
211,24786,0,0,0,0,0,1,0,0,0,0,0,0,0,0,0,0,19,19,0.00,0.00,0.00,0.00,1.00,0.00,0.00,255,255,1.00,0.00,0.00,0.00,0.00,0.00,0.00,0
219,454,0,0,0,0,0,1,0,0,0,0,0,0,0,0,0,0,1,1,0.00,0.00,0.00,0.00,1.00,0.00,0.00,255,255,1.00,0.00,0.00,0.00,0.00,0.00,0.00,0
145,27576,0,0,0,0,0,1,0,0,0,0,0,0,0,0,0,0,1,11,0.00,0.00,0.00,0.00,1.00,0.00,0.18,255,255,1.00,0.00,0.00,0.00,0.00,0.00,0.00,0
214,8487,0,0,0,0,0,1,0,0,0,0,0,0,0,0,0,0,11,11,0.00,0.00,0.00,0.00,1.00,0.00,0.00,255,255,1.00,0.00,0.00,0.00,0.00,0.00,0.00,0
201,2536,0,0,0,0,0,1,0,0,0,0,0,0,0,0,0,0,21,21,0.00,0.00,0.00,0.00,1.00,0.00,0.00,255,255,1.00,0.00,0.00,0.00,0.00,0.00,0.00,0
211,4073,0,0,0,0,0,1,0,0,0,0,0,0,0,0,0,0,3,5,0.00,0.00,0.00,0.00,1.00,0.00,0.40,255,255,1.00,0.00,0.00,0.00,0.00,0.00,0.00,0
209,2782,0,0,0,0,0,1,0,0,0,0,0,0,0,0,0,0,5,5,0.00,0.00,0.00,0.00,1.00,0.00,0.00,255,255,1.00,0.00,0.00,0.00,0.00,0.00,0.00,0
210,24924,0,0,0,0,0,1,0,0,0,0,0,0,0,0,0,0,15,17,0.00,0.00,0.00,0.00,1.00,0.00,0.12,255,255,1.00,0.00,0.00,0.00,0.00,0.00,0.00,0
199,7504,0,0,0,0,0,1,0,0,0,0,0,0,0,0,0,0,25,27,0.00,0.00,0.00,0.00,1.00,0.00,0.07,255,255,1.00,0.00,0.00,0.00,0.00,0.00,0.00,0
211,2662,0,0,0,0,0,1,0,0,0,0,0,0,0,0,0,0,8,8,0.00,0.00,0.00,0.00,1.00,0.00,0.00,255,255,1.00,0.00,0.00,0.00,0.00,0.00,0.00,0
199,671,0,0,0,0,0,1,0,0,0,0,0,0,0,0,0,0,18,18,0.00,0.00,0.00,0.00,1.00,0.00,0.00,255,255,1.00,0.00,0.00,0.00,0.00,0.00,0.00,0
214,10350,0,0,0,0,0,1,0,0,0,0,0,0,0,0,0,0,28,28,0.00,0.00,0.00,0.00,1.00,0.00,0.00,255,255,1.00,0.00,0.00,0.00,0.00,0.00,0.00,0
213,5507,0,0,0,0,0,1,0,0,0,0,0,0,0,0,0,0,10,10,0.00,0.00,0.00,0.00,1.00,0.00,0.00,255,255,1.00,0.00,0.00,0.00,0.00,0.00,0.00,0
228,911,0,0,0,0,0,1,0,0,0,0,0,0,0,0,0,0,2,2,0.00,0.00,0.00,0.00,1.00,0.00,0.00,255,255,1.00,0.00,0.00,0.00,0.00,0.00,0.00,0
223,922,0,0,0,0,0,1,0,0,0,0,0,0,0,0,0,0,12,12,0.00,0.00,0.00,0.00,1.00,0.00,0.00,255,255,1.00,0.00,0.00,0.00,0.00,0.00,0.00,0
219,1745,0,0,0,0,0,1,0,0,0,0,0,0,0,0,0,0,4,4,0.00,0.00,0.00,0.00,1.00,0.00,0.00,255,255,1.00,0.00,0.00,0.00,0.00,0.00,0.00,0
228,2648,0,0,0,0,0,1,0,0,0,0,0,0,0,0,0,0,14,14,0.00,0.00,0.00,0.00,1.00,0.00,0.00,255,255,1.00,0.00,0.00,0.00,0.00,0.00,0.00,0
222,2486,0,0,0,0,0,1,0,0,0,0,0,0,0,0,0,0,24,24,0.00,0.00,0.00,0.00,1.00,0.00,0.00,255,255,1.00,0.00,0.00,0.00,0.00,0.00,0.00,0
226,2782,0,0,0,0,0,1,0,0,0,0,0,0,0,0,0,0,6,6,0.00,0.00,0.00,0.00,1.00,0.00,0.00,255,255,1.00,0.00,0.00,0.00,0.00,0.00,0.00,0
218,572,0,0,0,0,0,1,0,0,0,0,0,0,0,0,0,0,7,9,0.00,0.00,0.00,0.00,1.00,0.00,0.22,255,255,1.00,0.00,0.00,0.00,0.00,0.00,0.00,0
224,873,0,0,0,0,0,1,0,0,0,0,0,0,0,0,0,0,17,19,0.00,0.00,0.00,0.00,1.00,0.00,0.11,255,255,1.00,0.00,0.00,0.00,0.00,0.00,0.00,0
227,2402,0,0,0,0,0,1,0,0,0,0,0,0,0,0,0,0,9,9,0.00,0.00,0.00,0.00,1.00,0.00,0.00,255,255,1.00,0.00,0.00,0.00,0.00,0.00,0.00,0
219,2816,0,0,0,0,0,1,0,0,0,0,0,0,0,0,0,0,19,19,0.00,0.00,0.00,0.00,1.00,0.00,0.00,255,255,1.00,0.00,0.00,0.00,0.00,0.00,0.00,0
197,19189,0,0,0,0,0,1,0,0,0,0,0,0,0,0,0,0,1,44,0.00,0.00,0.00,0.00,1.00,0.00,0.07,255,255,1.00,0.00,0.00,0.00,0.00,0.00,0.00,0
261,618,0,0,0,0,0,1,0,0,0,0,0,0,0,0,0,0,11,22,0.00,0.00,0.00,0.00,1.00,0.00,0.09,255,255,1.00,0.00,0.00,0.00,0.00,0.00,0.00,0
262,1223,0,0,0,0,0,1,0,0,0,0,0,0,0,0,0,0,21,32,0.00,0.00,0.00,0.00,1.00,0.00,0.06,255,255,1.00,0.00,0.00,0.00,0.00,0.00,0.00,0
264,700,0,0,0,0,0,1,0,0,0,0,0,0,0,0,0,0,31,31,0.00,0.00,0.00,0.00,1.00,0.00,0.00,255,255,1.00,0.00,0.00,0.00,0.00,0.00,0.00,0
258,3595,0,0,0,0,0,1,0,0,0,0,0,0,0,0,0,0,8,26,0.00,0.00,0.00,0.00,1.00,0.00,0.23,255,255,1.00,0.00,0.00,0.00,0.00,0.00,0.00,0
258,3817,0,0,0,0,0,1,0,0,0,0,0,0,0,0,0,0,5,5,0.00,0.00,0.00,0.00,1.00,0.00,0.00,255,255,1.00,0.00,0.00,0.00,0.00,0.00,0.00,0
263,614,0,0,0,0,0,1,0,0,0,0,0,0,0,0,0,0,15,15,0.00,0.00,0.00,0.00,1.00,0.00,0.00,255,255,1.00,0.00,0.00,0.00,0.00,0.00,0.00,0
261,1088,0,0,0,0,0,1,0,0,0,0,0,0,0,0,0,0,25,25,0.00,0.00,0.00,0.00,1.00,0.00,0.00,255,255,1.00,0.00,0.00,0.00,0.00,0.00,0.00,0
241,3859,0,0,0,0,0,1,0,0,0,0,0,0,0,0,0,0,3,3,0.00,0.00,0.00,0.00,1.00,0.00,0.00,255,255,1.00,0.00,0.00,0.00,0.00,0.00,0.00,0
241,577,0,0,0,0,0,1,0,0,0,0,0,0,0,0,0,0,13,13,0.00,0.00,0.00,0.00,1.00,0.00,0.00,255,255,1.00,0.00,0.00,0.00,0.00,0.00,0.00,0
237,298,0,0,0,0,0,1,0,0,0,0,0,0,0,0,0,0,23,23,0.00,0.00,0.00,0.00,1.00,0.00,0.00,255,255,1.00,0.00,0.00,0.00,0.00,0.00,0.00,0
237,3524,0,0,0,0,0,1,0,0,0,0,0,0,0,0,0,0,33,33,0.00,0.00,0.00,0.00,1.00,0.00,0.00,255,255,1.00,0.00,0.00,0.00,0.00,0.00,0.00,0
238,4063,0,0,0,0,0,1,0,0,0,0,0,0,0,0,0,0,43,43,0.00,0.00,0.00,0.00,1.00,0.00,0.00,255,255,1.00,0.00,0.00,0.00,0.00,0.00,0.00,0
241,662,0,0,0,0,0,1,0,0,0,0,0,0,0,0,0,0,53,53,0.00,0.00,0.00,0.00,1.00,0.00,0.00,255,255,1.00,0.00,0.00,0.00,0.00,0.00,0.00,0
241,2172,0,0,0,0,0,1,0,0,0,0,0,0,0,0,0,0,61,64,0.00,0.00,0.00,0.00,1.00,0.00,0.03,255,255,1.00,0.00,0.00,0.00,0.00,0.00,0.00,0
259,575,0,0,0,0,0,1,0,0,0,0,0,0,0,0,0,0,10,22,0.00,0.00,0.00,0.00,1.00,0.00,0.09,255,255,1.00,0.00,0.00,0.00,0.00,0.00,0.00,0
256,2346,0,0,0,0,0,1,0,0,0,0,0,0,0,0,0,0,20,33,0.00,0.00,0.00,0.00,1.00,0.00,0.09,255,255,1.00,0.00,0.00,0.00,0.00,0.00,0.00,0
268,8076,0,0,0,0,0,1,0,0,0,0,0,0,0,0,0,0,30,43,0.00,0.00,0.00,0.00,1.00,0.00,0.07,255,255,1.00,0.00,0.00,0.00,0.00,0.00,0.00,0
227,15475,0,0,0,0,0,1,0,0,0,0,0,0,0,0,0,0,4,15,0.00,0.00,0.00,0.00,1.00,0.00,0.20,8,255,1.00,0.00,0.12,0.01,0.00,0.00,0.00,0
214,12536,0,0,0,0,0,1,0,0,0,0,0,0,0,0,0,0,1,1,0.00,0.00,0.00,0.00,1.00,0.00,0.00,2,255,1.00,0.00,0.50,0.01,0.00,0.00,0.00,0
219,7478,0,0,0,0,0,1,0,0,0,0,0,0,0,0,0,0,4,10,0.00,0.00,0.00,0.00,1.00,0.00,0.20,4,255,1.00,0.00,0.25,0.02,0.00,0.00,0.00,0
149,22189,0,0,0,0,0,1,0,0,0,0,0,0,0,0,0,0,1,1,0.00,0.00,0.00,0.00,1.00,0.00,0.00,14,255,1.00,0.00,0.07,0.02,0.00,0.00,0.00,0
280,5651,0,0,0,0,0,1,0,0,0,0,0,0,0,0,0,0,5,5,0.00,0.00,0.00,0.00,1.00,0.00,0.00,5,255,1.00,0.00,0.20,0.02,0.00,0.00,0.00,0
219,8351,0,0,0,0,0,1,0,0,0,0,0,0,0,0,0,0,6,6,0.00,0.00,0.00,0.00,1.00,0.00,0.00,6,255,1.00,0.00,0.17,0.03,0.00,0.00,0.00,0
209,7889,0,0,0,0,0,1,0,0,0,0,0,0,0,0,0,0,2,4,0.00,0.00,0.00,0.00,1.00,0.00,0.75,10,255,1.00,0.00,0.10,0.04,0.00,0.00,0.00,0
281,42505,0,0,0,0,0,1,0,0,0,0,0,0,0,0,0,0,1,1,0.00,0.00,0.00,0.00,1.00,0.00,0.00,4,255,1.00,0.00,0.25,0.04,0.00,0.00,0.00,0
217,957,0,0,0,0,0,1,0,0,0,0,0,0,0,0,0,0,8,28,0.00,0.00,0.00,0.00,1.00,0.00,0.11,8,255,1.00,0.00,0.12,0.04,0.00,0.00,0.00,0
219,11700,0,0,0,0,0,1,0,0,0,0,0,0,0,0,0,0,3,3,0.00,0.00,0.00,0.00,1.00,0.00,0.00,3,255,1.00,0.00,0.33,0.05,0.00,0.00,0.00,0
226,11700,0,0,0,0,0,1,0,0,0,0,0,0,0,0,0,0,1,1,0.00,0.00,0.00,0.00,1.00,0.00,0.00,13,255,1.00,0.00,0.08,0.05,0.00,0.00,0.00,0
229,4092,0,0,0,0,0,1,0,0,0,0,0,0,0,0,0,0,11,15,0.00,0.00,0.00,0.00,1.00,0.00,0.33,23,255,1.00,0.00,0.04,0.05,0.00,0.00,0.00,0
219,11700,0,0,0,0,0,1,0,0,0,0,0,0,0,0,0,0,9,9,0.00,0.00,0.00,0.00,1.00,0.00,0.00,33,255,1.00,0.00,0.03,0.05,0.00,0.00,0.00,0
220,3315,0,0,0,0,0,1,0,0,0,0,0,0,0,0,0,0,1,4,0.00,0.00,0.00,0.00,1.00,0.00,0.75,7,255,1.00,0.00,0.14,0.05,0.00,0.00,0.00,0
225,43529,0,0,0,0,0,1,0,0,0,0,0,0,0,0,0,0,3,22,0.00,0.00,0.00,0.00,1.00,0.00,0.14,17,255,1.00,0.00,0.06,0.05,0.00,0.00,0.00,0
229,1366,0,0,0,0,0,1,0,0,0,0,0,0,0,0,0,0,3,14,0.00,0.00,0.00,0.00,1.00,0.00,0.14,27,255,1.00,0.00,0.04,0.05,0.00,0.00,0.00,0
228,12605,0,0,0,0,0,1,0,0,0,0,0,0,0,0,0,0,13,28,0.00,0.00,0.00,0.00,1.00,0.00,0.11,37,255,1.00,0.00,0.03,0.05,0.00,0.00,0.00,0
233,1391,0,0,0,0,0,1,0,0,0,0,0,0,0,0,0,0,9,39,0.00,0.00,0.00,0.00,1.00,0.00,0.10,47,255,1.00,0.00,0.02,0.05,0.00,0.00,0.00,0
320,2968,0,0,0,0,0,1,0,0,0,0,0,0,0,0,0,0,8,11,0.00,0.00,0.00,0.00,1.00,0.00,0.27,57,255,1.00,0.00,0.02,0.05,0.00,0.00,0.00,0
328,1381,0,0,0,0,0,1,0,0,0,0,0,0,0,0,0,0,4,4,0.00,0.00,0.00,0.00,1.00,0.00,0.00,67,255,1.00,0.00,0.01,0.05,0.00,0.00,0.00,0
329,1303,0,0,0,0,0,1,0,0,0,0,0,0,0,0,0,0,4,4,0.00,0.00,0.00,0.00,1.00,0.00,0.00,77,255,1.00,0.00,0.01,0.05,0.00,0.00,0.00,0
331,2849,0,0,0,0,0,1,0,0,0,0,0,0,0,0,0,0,14,17,0.00,0.00,0.00,0.00,1.00,0.00,0.12,87,255,1.00,0.00,0.01,0.05,0.00,0.00,0.00,0
332,1370,0,0,0,0,0,1,0,0,0,0,0,0,0,0,0,0,10,36,0.00,0.00,0.00,0.00,1.00,0.00,0.08,97,255,1.00,0.00,0.01,0.05,0.00,0.00,0.00,0
165,2213,0,0,0,0,0,1,0,0,0,0,0,0,0,0,0,0,1,1,0.00,0.00,0.00,0.00,1.00,0.00,0.00,9,255,1.00,0.00,0.11,0.05,0.00,0.00,0.00,0
214,20363,0,0,0,0,0,1,0,0,0,0,0,0,0,0,0,0,3,3,0.00,0.00,0.00,0.00,1.00,0.00,0.00,3,255,1.00,0.00,0.33,0.06,0.00,0.00,0.00,0
211,7488,0,0,0,0,0,1,0,0,0,0,0,0,0,0,0,0,13,13,0.00,0.00,0.00,0.00,1.00,0.00,0.00,13,255,1.00,0.00,0.08,0.05,0.00,0.00,0.00,0
161,1183,0,0,0,0,0,1,0,0,0,0,0,0,0,0,0,0,3,3,0.00,0.00,0.00,0.00,1.00,0.00,0.00,23,255,1.00,0.00,0.04,0.05,0.00,0.00,0.00,0
164,4007,0,0,0,0,0,1,0,0,0,0,0,0,0,0,0,0,1,6,0.00,0.00,0.00,0.00,1.00,0.00,0.33,33,255,1.00,0.00,0.03,0.05,0.00,0.00,0.00,0
211,32094,0,0,0,0,0,1,0,0,0,0,0,0,0,0,0,0,7,7,0.00,0.00,0.00,0.00,1.00,0.00,0.00,43,255,1.00,0.00,0.02,0.05,0.00,0.00,0.00,0
215,25532,0,0,0,0,0,1,0,0,0,0,0,0,0,0,0,0,2,2,0.00,0.00,0.00,0.00,1.00,0.00,0.00,53,255,1.00,0.00,0.02,0.04,0.00,0.00,0.00,0
217,10622,0,0,0,0,0,1,0,0,0,0,0,0,0,0,0,0,2,2,0.00,0.00,0.00,0.00,1.00,0.00,0.00,63,255,1.00,0.00,0.02,0.03,0.00,0.00,0.00,0
211,32094,0,0,0,0,0,1,0,0,0,0,0,0,0,0,0,0,4,4,0.00,0.00,0.00,0.00,1.00,0.00,0.00,73,255,1.00,0.00,0.01,0.03,0.00,0.00,0.00,0
214,12596,0,0,0,0,0,1,0,0,0,0,0,0,0,0,0,0,3,3,0.00,0.00,0.00,0.00,1.00,0.00,0.00,83,255,1.00,0.00,0.01,0.03,0.00,0.00,0.00,0
210,28076,0,0,0,0,0,1,0,0,0,0,0,0,0,0,0,0,9,9,0.00,0.00,0.00,0.00,1.00,0.00,0.00,93,255,1.00,0.00,0.01,0.02,0.00,0.00,0.00,0
210,1933,0,0,0,0,0,1,0,0,0,0,0,0,0,0,0,0,4,4,0.00,0.00,0.00,0.00,1.00,0.00,0.00,103,255,1.00,0.00,0.01,0.02,0.00,0.00,0.00,0
213,12596,0,0,0,0,0,1,0,0,0,0,0,0,0,0,0,0,3,7,0.00,0.00,0.00,0.00,1.00,0.00,0.43,113,255,1.00,0.00,0.01,0.02,0.00,0.00,0.00,0
152,9518,0,0,0,0,0,1,0,0,0,0,0,0,0,0,0,0,4,8,0.00,0.00,0.00,0.00,1.00,0.00,0.25,4,255,1.00,0.00,0.25,0.02,0.00,0.00,0.00,0
255,267,0,0,0,0,0,1,0,0,0,0,0,0,0,0,0,0,2,2,0.00,0.00,0.00,0.00,1.00,0.00,0.00,14,255,1.00,0.00,0.07,0.02,0.00,0.00,0.00,0
300,1197,0,0,0,0,0,1,0,0,0,0,0,0,0,0,0,0,1,1,0.00,0.00,0.00,0.00,1.00,0.00,0.00,24,255,1.00,0.00,0.04,0.02,0.00,0.00,0.00,0
219,1197,0,0,0,0,0,1,0,0,0,0,0,0,0,0,0,0,1,3,0.00,0.00,0.00,0.00,1.00,0.00,1.00,34,255,1.00,0.00,0.03,0.02,0.00,0.00,0.00,0
212,1197,0,0,0,0,0,1,0,0,0,0,0,0,0,0,0,0,2,23,0.00,0.00,0.00,0.00,1.00,0.00,0.13,44,255,1.00,0.00,0.02,0.02,0.00,0.00,0.00,0
290,6642,0,0,0,0,0,1,0,0,0,0,0,0,0,0,0,0,1,15,0.00,0.00,0.00,0.00,1.00,0.00,0.20,54,255,1.00,0.00,0.02,0.02,0.00,0.00,0.00,0
152,9518,0,0,0,0,0,1,0,0,0,0,0,0,0,0,0,0,1,1,0.00,0.00,0.00,0.00,1.00,0.00,0.00,64,255,1.00,0.00,0.02,0.02,0.00,0.00,0.00,0
212,2809,0,0,0,0,0,1,0,0,0,0,0,0,0,0,0,0,3,7,0.00,0.00,0.00,0.00,1.00,0.00,0.29,74,255,1.00,0.00,0.01,0.02,0.00,0.00,0.00,0
229,2809,0,0,0,0,0,1,0,0,0,0,0,0,0,0,0,0,4,7,0.00,0.00,0.00,0.00,1.00,0.00,0.29,84,255,1.00,0.00,0.01,0.02,0.00,0.00,0.00,0
258,6807,0,0,0,0,0,1,0,0,0,0,0,0,0,0,0,0,5,5,0.00,0.00,0.00,0.00,1.00,0.00,0.00,94,255,1.00,0.00,0.01,0.02,0.00,0.00,0.00,0
259,5310,0,0,0,0,0,1,0,0,0,0,0,0,0,0,0,0,3,3,0.00,0.00,0.00,0.00,1.00,0.00,0.00,104,255,1.00,0.00,0.01,0.02,0.00,0.00,0.00,0
259,486,0,0,0,0,0,1,0,0,0,0,0,0,0,0,0,0,1,1,0.00,0.00,0.00,0.00,1.00,0.00,0.00,114,255,1.00,0.00,0.01,0.02,0.00,0.00,0.00,0
260,7334,0,0,0,0,0,1,0,0,0,0,0,0,0,0,0,0,7,7,0.00,0.00,0.00,0.00,1.00,0.00,0.00,124,255,1.00,0.00,0.01,0.02,0.00,0.00,0.00,0
260,240,0,0,0,0,0,1,0,0,0,0,0,0,0,0,0,0,5,5,0.00,0.00,0.00,0.00,1.00,0.00,0.00,134,255,1.00,0.00,0.01,0.02,0.00,0.00,0.00,0
229,1197,0,0,0,0,0,1,0,0,0,0,0,0,0,0,0,0,2,2,0.00,0.00,0.00,0.00,1.00,0.00,0.00,144,255,1.00,0.00,0.01,0.01,0.00,0.00,0.00,0
177,4377,0,0,0,0,0,1,0,0,0,0,0,0,0,0,0,0,1,1,0.00,0.00,0.00,0.00,1.00,0.00,0.00,154,255,1.00,0.00,0.01,0.01,0.00,0.00,0.00,0
192,8940,0,0,0,0,0,1,0,0,0,0,0,0,0,0,0,0,1,1,0.00,0.00,0.00,0.00,1.00,0.00,0.00,164,255,1.00,0.00,0.01,0.01,0.00,0.00,0.00,0
151,214,0,0,0,0,0,1,0,0,0,0,0,0,0,0,0,0,1,1,0.00,0.00,0.00,0.00,1.00,0.00,0.00,4,255,1.00,0.00,0.25,0.02,0.00,0.00,0.00,0
358,11794,0,0,0,0,0,1,0,0,0,0,0,0,0,0,0,0,3,54,0.00,0.00,0.00,0.00,1.00,0.00,0.11,3,255,1.00,0.00,0.33,0.03,0.00,0.00,0.00,0
313,17,0,0,0,0,0,1,0,0,0,0,0,0,0,0,0,0,2,2,0.00,0.00,0.00,0.00,1.00,0.00,0.00,2,255,1.00,0.00,0.50,0.04,0.00,0.00,0.00,0
316,6755,0,0,0,0,0,1,0,0,0,0,0,0,0,0,0,0,8,50,0.00,0.00,0.00,0.00,1.00,0.00,0.12,10,255,1.00,0.00,0.10,0.04,0.00,0.00,0.00,0
223,5273,0,0,0,0,0,1,0,0,0,0,0,0,0,0,0,0,6,15,0.00,0.00,0.00,0.00,1.00,0.00,0.20,6,255,1.00,0.00,0.17,0.05,0.00,0.00,0.00,0
144,5717,0,0,0,0,0,1,0,0,0,0,0,0,0,0,0,0,2,32,0.00,0.00,0.00,0.00,1.00,0.00,0.09,5,255,1.00,0.00,0.20,0.05,0.00,0.00,0.00,0
158,13310,0,0,0,0,0,1,0,0,0,0,0,0,0,0,0,0,1,1,0.00,0.00,0.00,0.00,1.00,0.00,0.00,1,255,1.00,0.00,1.00,0.06,0.00,0.00,0.00,0
201,301,0,0,0,0,0,1,0,0,0,0,0,0,0,0,0,0,11,11,0.00,0.00,0.00,0.00,1.00,0.00,0.00,11,255,1.00,0.00,0.09,0.06,0.00,0.00,0.00,0
202,383,0,0,0,0,0,1,0,0,0,0,0,0,0,0,0,0,21,21,0.00,0.00,0.00,0.00,1.00,0.00,0.00,21,255,1.00,0.00,0.05,0.05,0.00,0.00,0.00,0
285,2449,0,0,0,0,0,1,0,0,0,0,0,0,0,0,0,0,8,8,0.00,0.00,0.00,0.00,1.00,0.00,0.00,8,255,1.00,0.00,0.12,0.05,0.00,0.00,0.00,0
294,1749,0,0,0,0,0,1,0,0,0,0,0,0,0,0,0,0,2,2,0.00,0.00,0.00,0.00,1.00,0.00,0.00,18,255,1.00,0.00,0.06,0.05,0.00,0.00,0.00,0
286,7921,0,0,0,0,0,1,0,0,0,0,0,0,0,0,0,0,12,12,0.00,0.00,0.00,0.00,1.00,0.00,0.00,28,255,1.00,0.00,0.04,0.05,0.00,0.00,0.00,0
294,1749,0,0,0,0,0,1,0,0,0,0,0,0,0,0,0,0,6,7,0.00,0.00,0.00,0.00,1.00,0.00,0.29,38,255,1.00,0.00,0.03,0.05,0.00,0.00,0.00,0
286,1423,0,0,0,0,0,1,0,0,0,0,0,0,0,0,0,0,16,16,0.00,0.00,0.00,0.00,1.00,0.00,0.00,48,255,1.00,0.00,0.02,0.05,0.00,0.00,0.00,0
284,3377,0,0,0,0,0,1,0,0,0,0,0,0,0,0,0,0,10,10,0.00,0.00,0.00,0.00,1.00,0.00,0.00,58,255,1.00,0.00,0.02,0.05,0.00,0.00,0.00,0
197,8703,0,0,0,0,0,1,0,0,0,0,0,0,0,0,0,0,4,4,0.00,0.00,0.00,0.00,1.00,0.00,0.00,68,255,1.00,0.00,0.01,0.05,0.00,0.00,0.00,0
197,1423,0,0,0,0,0,1,0,0,0,0,0,0,0,0,0,0,14,14,0.00,0.00,0.00,0.00,1.00,0.00,0.00,78,255,1.00,0.00,0.01,0.05,0.00,0.00,0.00,0
195,3304,0,0,0,0,0,1,0,0,0,0,0,0,0,0,0,0,8,8,0.00,0.00,0.00,0.00,1.00,0.00,0.00,88,255,1.00,0.00,0.01,0.05,0.00,0.00,0.00,0
356,526,0,0,0,0,0,1,0,0,0,0,0,0,0,0,0,0,1,11,0.00,0.00,0.00,0.00,1.00,0.00,0.27,2,255,1.00,0.00,0.50,0.06,0.00,0.00,0.00,0
349,891,0,0,0,0,0,1,0,0,0,0,0,0,0,0,0,0,1,5,0.00,0.00,0.00,0.00,1.00,0.00,0.40,12,255,1.00,0.00,0.08,0.06,0.00,0.00,0.00,0
348,891,0,0,0,0,0,1,0,0,0,0,0,0,0,0,0,0,1,3,0.00,0.00,0.00,0.00,1.00,0.00,1.00,22,255,1.00,0.00,0.05,0.06,0.00,0.00,0.00,0
238,891,0,0,0,0,0,1,0,0,0,0,0,0,0,0,0,0,1,12,0.00,0.00,0.00,0.00,1.00,0.00,0.17,32,255,1.00,0.00,0.03,0.06,0.00,0.00,0.00,0
261,848,0,0,0,0,0,1,0,0,0,0,0,0,0,0,0,0,1,2,0.00,0.00,0.00,0.00,1.00,0.00,1.00,42,255,1.00,0.00,0.02,0.06,0.00,0.00,0.00,0
309,554,0,0,0,0,0,1,0,0,0,0,0,0,0,0,0,0,1,18,0.00,0.00,0.00,0.00,1.00,0.00,0.17,52,255,1.00,0.00,0.02,0.06,0.00,0.00,0.00,0
391,526,0,0,0,0,0,1,0,0,0,0,0,0,0,0,0,0,1,9,0.00,0.00,0.00,0.00,1.00,0.00,0.33,62,255,1.00,0.00,0.03,0.06,0.00,0.00,0.00,0
291,385,0,0,0,0,0,1,0,0,0,0,0,0,0,0,0,0,5,5,0.00,0.00,0.00,0.00,1.00,0.00,0.00,5,255,1.00,0.00,0.20,0.07,0.00,0.00,0.00,0
218,385,0,0,0,0,0,1,0,0,0,0,0,0,0,0,0,0,7,7,0.00,0.00,0.00,0.00,1.00,0.00,0.00,15,255,1.00,0.00,0.07,0.05,0.00,0.00,0.00,0
236,35147,0,0,0,0,0,1,0,0,0,0,0,0,0,0,0,0,1,7,0.00,0.00,0.00,0.00,1.00,0.00,0.29,25,255,1.00,0.00,0.04,0.05,0.00,0.00,0.00,0
201,4080,0,0,0,0,0,1,0,0,0,0,0,0,0,0,0,0,3,7,0.00,0.00,0.00,0.00,1.00,0.00,0.29,35,255,1.00,0.00,0.03,0.04,0.00,0.00,0.00,0
204,2367,0,0,0,0,0,1,0,0,0,0,0,0,0,0,0,0,4,4,0.00,0.00,0.00,0.00,1.00,0.00,0.00,45,255,1.00,0.00,0.02,0.03,0.00,0.00,0.00,0
208,4080,0,0,0,0,0,1,0,0,0,0,0,0,0,0,0,0,5,5,0.00,0.00,0.00,0.00,1.00,0.00,0.00,55,255,1.00,0.00,0.02,0.03,0.00,0.00,0.00,0
165,35147,0,0,0,0,0,1,0,0,0,0,0,0,0,0,0,0,6,28,0.00,0.00,0.00,0.00,1.00,0.00,0.07,65,255,1.00,0.00,0.02,0.02,0.00,0.00,0.00,0
213,267,0,0,0,0,0,1,0,0,0,0,0,0,0,0,0,0,7,7,0.00,0.00,0.00,0.00,1.00,0.00,0.00,75,255,1.00,0.00,0.01,0.02,0.00,0.00,0.00,0
148,35147,0,0,0,0,0,1,0,0,0,0,0,0,0,0,0,0,1,1,0.00,0.00,0.00,0.00,1.00,0.00,0.00,85,255,1.00,0.00,0.01,0.02,0.00,0.00,0.00,0
290,3084,0,0,0,0,0,1,0,0,0,0,0,0,0,0,0,0,3,3,0.00,0.00,0.00,0.00,1.00,0.00,0.00,95,255,1.00,0.00,0.01,0.02,0.00,0.00,0.00,0
217,3084,0,0,0,0,0,1,0,0,0,0,0,0,0,0,0,0,5,5,0.00,0.00,0.00,0.00,1.00,0.00,0.00,105,255,1.00,0.00,0.02,0.02,0.00,0.00,0.00,0
288,267,0,0,0,0,0,1,0,0,0,0,0,0,0,0,0,0,6,8,0.00,0.00,0.00,0.00,1.00,0.00,0.38,115,255,1.00,0.00,0.01,0.02,0.00,0.00,0.00,0
292,2367,0,0,0,0,0,1,0,0,0,0,0,0,0,0,0,0,1,1,0.00,0.00,0.00,0.00,1.00,0.00,0.00,125,255,1.00,0.00,0.01,0.02,0.00,0.00,0.00,0
292,2367,0,0,0,0,0,1,0,0,0,0,0,0,0,0,0,0,2,2,0.00,0.00,0.00,0.00,1.00,0.00,0.00,135,255,1.00,0.00,0.01,0.02,0.00,0.00,0.00,0
290,3084,0,0,0,0,0,1,0,0,0,0,0,0,0,0,0,0,3,3,0.00,0.00,0.00,0.00,1.00,0.00,0.00,145,255,1.00,0.00,0.01,0.02,0.00,0.00,0.00,0
226,3758,0,0,0,0,0,1,0,0,0,0,0,0,0,0,0,0,5,48,0.00,0.00,0.00,0.00,1.00,0.00,0.08,155,255,1.00,0.00,0.01,0.02,0.00,0.00,0.00,0
202,3084,0,0,0,0,0,1,0,0,0,0,0,0,0,0,0,0,7,7,0.00,0.00,0.00,0.00,1.00,0.00,0.00,165,255,1.00,0.00,0.01,0.02,0.00,0.00,0.00,0
180,18060,0,0,0,0,0,1,0,0,0,0,0,0,0,0,0,0,1,4,0.00,0.00,0.00,0.00,1.00,0.00,0.50,175,255,1.00,0.00,0.01,0.02,0.00,0.00,0.00,0
221,2367,0,0,0,0,0,1,0,0,0,0,0,0,0,0,0,0,2,2,0.00,0.00,0.00,0.00,1.00,0.00,0.00,185,255,1.00,0.00,0.01,0.02,0.00,0.00,0.00,0
219,2367,0,0,0,0,0,1,0,0,0,0,0,0,0,0,0,0,3,3,0.00,0.00,0.00,0.00,1.00,0.00,0.00,195,255,1.00,0.00,0.01,0.01,0.00,0.00,0.00,0
215,267,0,0,0,0,0,1,0,0,0,0,0,0,0,0,0,0,4,4,0.00,0.00,0.00,0.00,1.00,0.00,0.00,205,255,1.00,0.00,0.00,0.01,0.00,0.00,0.00,0
213,310,0,0,0,0,0,1,0,0,0,0,0,0,0,0,0,0,5,5,0.00,0.00,0.00,0.00,1.00,0.00,0.00,215,255,1.00,0.00,0.00,0.01,0.00,0.00,0.00,0
284,310,0,0,0,0,0,1,0,0,0,0,0,0,0,0,0,0,7,7,0.00,0.00,0.00,0.00,1.00,0.00,0.00,225,255,1.00,0.00,0.00,0.01,0.00,0.00,0.00,0
194,5837,0,0,0,0,0,1,0,0,0,0,0,0,0,0,0,0,1,1,0.00,0.00,0.00,0.00,1.00,0.00,0.00,235,255,1.00,0.00,0.00,0.01,0.00,0.00,0.00,0
314,3758,0,0,0,0,0,1,0,0,0,0,0,0,0,0,0,0,2,4,0.00,0.00,0.00,0.00,1.00,0.00,0.75,245,255,1.00,0.00,0.00,0.01,0.00,0.00,0.00,0
292,2367,0,0,0,0,0,1,0,0,0,0,0,0,0,0,0,0,4,4,0.00,0.00,0.00,0.00,1.00,0.00,0.00,255,255,1.00,0.00,0.00,0.00,0.00,0.00,0.00,0
200,267,0,0,0,0,0,1,0,0,0,0,0,0,0,0,0,0,6,6,0.00,0.00,0.00,0.00,1.00,0.00,0.00,255,255,1.00,0.00,0.00,0.00,0.00,0.00,0.00,0
198,310,0,0,0,0,0,1,0,0,0,0,0,0,0,0,0,0,7,7,0.00,0.00,0.00,0.00,1.00,0.00,0.00,255,255,1.00,0.00,0.00,0.00,0.00,0.00,0.00,0
149,5440,0,0,0,0,0,1,0,0,0,0,0,0,0,0,0,0,2,2,0.00,0.00,0.00,0.00,1.00,0.00,0.00,2,255,1.00,0.00,0.50,0.02,0.00,0.00,0.00,0
281,1946,0,0,0,0,0,1,0,0,0,0,0,0,0,0,0,0,2,2,0.00,0.00,0.00,0.00,1.00,0.00,0.00,2,255,1.00,0.00,0.50,0.02,0.00,0.00,0.00,0
315,237,0,0,0,0,0,1,0,0,0,0,0,0,0,0,0,0,5,5,0.00,0.00,0.00,0.00,1.00,0.00,0.00,12,255,1.00,0.00,0.08,0.02,0.00,0.00,0.00,0
299,1556,0,0,0,0,0,1,0,0,0,0,0,0,0,0,0,0,1,1,0.00,0.00,0.00,0.00,1.00,0.00,0.00,22,255,1.00,0.00,0.05,0.02,0.00,0.00,0.00,0
215,3284,0,0,0,0,0,1,0,0,0,0,0,0,0,0,0,0,6,6,0.00,0.00,0.00,0.00,1.00,0.00,0.00,32,255,1.00,0.00,0.03,0.02,0.00,0.00,0.00,0
224,1556,0,0,0,0,0,1,0,0,0,0,0,0,0,0,0,0,2,7,0.00,0.00,0.00,0.00,1.00,0.00,0.29,42,255,1.00,0.00,0.02,0.02,0.00,0.00,0.00,0
242,5422,0,0,0,0,0,1,0,0,0,0,0,0,0,0,0,0,6,6,0.00,0.00,0.00,0.00,1.00,0.00,0.00,52,255,1.00,0.00,0.02,0.02,0.00,0.00,0.00,0
283,1946,0,0,0,0,0,1,0,0,0,0,0,0,0,0,0,0,2,5,0.00,0.00,0.00,0.00,1.00,0.00,0.60,62,255,1.00,0.00,0.02,0.02,0.00,0.00,0.00,0
317,237,0,0,0,0,0,1,0,0,0,0,0,0,0,0,0,0,5,5,0.00,0.00,0.00,0.00,1.00,0.00,0.00,72,255,1.00,0.00,0.01,0.02,0.00,0.00,0.00,0
251,10025,0,0,0,0,0,1,0,0,0,0,0,0,0,0,0,0,1,1,0.00,0.00,0.00,0.00,1.00,0.00,0.00,82,255,1.00,0.00,0.01,0.02,0.00,0.00,0.00,0
202,3848,0,0,0,0,0,1,0,0,0,0,0,0,0,0,0,0,6,14,0.00,0.00,0.00,0.00,1.00,0.00,0.14,6,255,1.00,0.00,0.17,0.02,0.00,0.00,0.00,0
209,3848,0,0,0,0,0,1,0,0,0,0,0,0,0,0,0,0,4,4,0.00,0.00,0.00,0.00,1.00,0.00,0.00,16,255,1.00,0.00,0.06,0.02,0.00,0.00,0.00,0
222,3249,0,0,0,0,0,1,0,0,0,0,0,0,0,0,0,0,2,2,0.00,0.00,0.00,0.00,1.00,0.00,0.00,26,255,1.00,0.00,0.04,0.02,0.00,0.00,0.00,0
201,402,0,0,0,0,0,1,0,0,0,0,0,0,0,0,0,0,12,12,0.00,0.00,0.00,0.00,1.00,0.00,0.00,36,255,1.00,0.00,0.03,0.02,0.00,0.00,0.00,0
244,7466,0,0,0,0,0,1,0,0,0,0,0,0,0,0,0,0,10,29,0.00,0.00,0.00,0.00,1.00,0.00,0.07,46,255,1.00,0.00,0.02,0.02,0.00,0.00,0.00,0
229,7568,0,0,0,0,0,1,0,0,0,0,0,0,0,0,0,0,6,6,0.00,0.00,0.00,0.00,1.00,0.00,0.00,8,255,1.00,0.00,0.12,0.03,0.00,0.00,0.00,0
225,2853,0,0,0,0,0,1,0,0,0,0,0,0,0,0,0,0,6,6,0.00,0.00,0.00,0.00,1.00,0.00,0.00,18,255,1.00,0.00,0.06,0.03,0.00,0.00,0.00,0
297,5077,0,0,0,0,0,1,0,0,0,0,0,0,0,0,0,0,2,2,0.00,0.00,0.00,0.00,1.00,0.00,0.00,2,255,1.00,0.00,0.50,0.04,0.00,0.00,0.00,0
298,2510,0,0,0,0,0,1,0,0,0,0,0,0,0,0,0,0,4,4,0.00,0.00,0.00,0.00,1.00,0.00,0.00,12,255,1.00,0.00,0.08,0.04,0.00,0.00,0.00,0
209,5077,0,0,0,0,0,1,0,0,0,0,0,0,0,0,0,0,6,6,0.00,0.00,0.00,0.00,1.00,0.00,0.00,22,255,1.00,0.00,0.05,0.04,0.00,0.00,0.00,0
325,11411,0,0,0,0,0,1,0,0,0,0,0,0,0,0,0,0,4,4,0.00,0.00,0.00,0.00,1.00,0.00,0.00,4,255,1.00,0.00,0.25,0.04,0.00,0.00,0.00,0
301,1517,0,0,0,0,0,1,0,0,0,0,0,0,0,0,0,0,1,1,0.00,0.00,0.00,0.00,1.00,0.00,0.00,14,255,1.00,0.00,0.07,0.04,0.00,0.00,0.00,0
304,1309,0,0,0,0,0,1,0,0,0,0,0,0,0,0,0,0,11,11,0.00,0.00,0.00,0.00,1.00,0.00,0.00,24,255,1.00,0.00,0.04,0.04,0.00,0.00,0.00,0
304,1309,0,0,0,0,0,1,0,0,0,0,0,0,0,0,0,0,8,8,0.00,0.00,0.00,0.00,1.00,0.00,0.00,34,255,1.00,0.00,0.03,0.04,0.00,0.00,0.00,0
309,1728,0,0,0,0,0,1,0,0,0,0,0,0,0,0,0,0,5,5,0.00,0.00,0.00,0.00,1.00,0.00,0.00,44,255,1.00,0.00,0.02,0.04,0.00,0.00,0.00,0
312,588,0,0,0,0,0,1,0,0,0,0,0,0,0,0,0,0,4,4,0.00,0.00,0.00,0.00,1.00,0.00,0.00,54,255,1.00,0.00,0.02,0.04,0.00,0.00,0.00,0
297,11411,0,0,0,0,0,1,0,0,0,0,0,0,0,0,0,0,8,8,0.00,0.00,0.00,0.00,1.00,0.00,0.00,64,255,1.00,0.00,0.02,0.03,0.00,0.00,0.00,0
304,1728,0,0,0,0,0,1,0,0,0,0,0,0,0,0,0,0,5,5,0.00,0.00,0.00,0.00,1.00,0.00,0.00,74,255,1.00,0.00,0.01,0.03,0.00,0.00,0.00,0
291,6271,0,0,0,0,0,1,0,0,0,0,0,0,0,0,0,0,10,10,0.00,0.00,0.00,0.00,1.00,0.00,0.00,84,255,1.00,0.00,0.01,0.03,0.00,0.00,0.00,0
301,7783,0,0,0,0,0,1,0,0,0,0,0,0,0,0,0,0,2,9,0.00,0.00,0.00,0.00,1.00,0.00,0.22,94,255,1.00,0.00,0.01,0.03,0.00,0.00,0.00,0
305,38117,0,0,0,0,0,1,0,0,0,0,0,0,0,0,0,0,8,8,0.00,0.00,0.00,0.00,1.00,0.00,0.00,104,255,1.00,0.00,0.01,0.03,0.00,0.00,0.00,0
316,5050,0,0,0,0,0,1,0,0,0,0,0,0,0,0,0,0,5,5,0.00,0.00,0.00,0.00,1.00,0.00,0.00,114,255,1.00,0.00,0.01,0.03,0.00,0.00,0.00,0
316,2569,0,0,0,0,0,1,0,0,0,0,0,0,0,0,0,0,15,15,0.00,0.00,0.00,0.00,1.00,0.00,0.00,124,255,1.00,0.00,0.01,0.03,0.00,0.00,0.00,0
163,4599,0,0,0,0,0,1,0,0,0,0,0,0,0,0,0,0,3,3,0.00,0.00,0.00,0.00,1.00,0.00,0.00,3,255,1.00,0.00,0.33,0.04,0.00,0.00,0.00,0
222,15459,0,0,0,0,0,1,0,0,0,0,0,0,0,0,0,0,2,3,0.00,0.00,0.00,0.00,1.00,0.00,0.67,13,255,1.00,0.00,0.08,0.04,0.00,0.00,0.00,0
163,4599,0,0,0,0,0,1,0,0,0,0,0,0,0,0,0,0,1,1,0.00,0.00,0.00,0.00,1.00,0.00,0.00,23,255,1.00,0.00,0.04,0.03,0.00,0.00,0.00,0
222,1375,0,0,0,0,0,1,0,0,0,0,0,0,0,0,0,0,5,5,0.00,0.00,0.00,0.00,1.00,0.00,0.00,33,255,1.00,0.00,0.03,0.03,0.00,0.00,0.00,0
222,10554,0,0,0,0,0,1,0,0,0,0,0,0,0,0,0,0,4,4,0.00,0.00,0.00,0.00,1.00,0.00,0.00,43,255,1.00,0.00,0.02,0.03,0.00,0.00,0.00,0
163,4599,0,0,0,0,0,1,0,0,0,0,0,0,0,0,0,0,3,4,0.00,0.00,0.00,0.00,1.00,0.00,0.50,53,255,1.00,0.00,0.02,0.03,0.00,0.00,0.00,0
165,2159,0,0,0,0,0,1,0,0,0,0,0,0,0,0,0,0,2,2,0.00,0.00,0.00,0.00,1.00,0.00,0.00,63,255,1.00,0.00,0.02,0.03,0.00,0.00,0.00,0
219,2042,0,0,0,0,0,1,0,0,0,0,0,0,0,0,0,0,1,2,0.00,0.00,0.00,0.00,1.00,0.00,1.00,73,255,1.00,0.00,0.01,0.03,0.00,0.00,0.00,0
222,1375,0,0,0,0,0,1,0,0,0,0,0,0,0,0,0,0,6,6,0.00,0.00,0.00,0.00,1.00,0.00,0.00,83,255,1.00,0.00,0.01,0.03,0.00,0.00,0.00,0
222,10554,0,0,0,0,0,1,0,0,0,0,0,0,0,0,0,0,4,4,0.00,0.00,0.00,0.00,1.00,0.00,0.00,93,255,1.00,0.00,0.01,0.02,0.00,0.00,0.00,0
163,4937,0,0,0,0,0,1,0,0,0,0,0,0,0,0,0,0,3,3,0.00,0.00,0.00,0.00,1.00,0.00,0.00,103,255,1.00,0.00,0.01,0.02,0.00,0.00,0.00,0
163,4599,0,0,0,0,0,1,0,0,0,0,0,0,0,0,0,0,2,4,0.00,0.00,0.00,0.00,1.00,0.00,0.50,113,255,1.00,0.00,0.01,0.02,0.00,0.00,0.00,0
214,388,0,0,0,0,0,1,0,0,0,0,0,0,0,0,0,0,1,2,0.00,0.00,0.00,0.00,1.00,0.00,1.00,1,255,1.00,0.00,1.00,0.02,0.00,0.00,0.00,0
242,1537,0,0,0,0,0,1,0,0,0,0,0,0,0,0,0,0,1,5,0.00,0.00,0.00,0.00,1.00,0.00,0.60,11,255,1.00,0.00,0.09,0.02,0.00,0.00,0.00,0
202,11670,0,0,0,0,0,1,0,0,0,0,0,0,0,0,0,0,6,6,0.00,0.00,0.00,0.00,1.00,0.00,0.00,6,255,1.00,0.00,0.17,0.02,0.00,0.00,0.00,0
